graph,graph_family,method,rho,n,m_og,m_sparse,edges_ratio,connected_original,connected_sparsified,diameter_original,diameter_sparsified,unreachable_pairs_ratio,stretch_avg,stretch_var,stretch_max,laplacian_qf_original,laplacian_qf_sparsified,degree_distribution_original_in_0,degree_distribution_original_in_1,degree_distribution_original_in_2,degree_distribution_original_in_3,degree_distribution_original_in_4,degree_distribution_original_out_0,degree_distribution_original_out_1,degree_distribution_original_out_2,degree_distribution_original_out_3,degree_distribution_original_out_4,degree_distribution_sparsified_1,degree_distribution_sparsified_2,degree_distribution_sparsified_3,degree_distribution_sparsified_4,degree_distribution_sparsified_in_0,degree_distribution_sparsified_in_1,degree_distribution_sparsified_in_2,degree_distribution_sparsified_in_3,degree_distribution_sparsified_in_4,degree_distribution_sparsified_in_5,degree_distribution_sparsified_out_0,degree_distribution_sparsified_out_1,degree_distribution_sparsified_out_2,degree_distribution_sparsified_out_3,degree_distribution_sparsified_out_4,degree_distribution_sparsified_out_5,sparsify_time,metric_time
directed1.edgelist,directed,original,0.2,8,8,,1.0,True,True,inf,inf,1.0,inf,inf,inf,1552.0,1552.0,0.125,0.75,0.125,,,,1.0,,,,,,,,0.125,0.75,0.125,,,,,1.0,,,,,,0.0008573420000175247
directed1.edgelist,directed,kols,0.2,8,8,7,0.875,True,True,inf,inf,1.0,inf,inf,inf,1552.0,1542.0,0.125,0.75,0.125,,,,1.0,,,,,,,,0.125,0.875,,,,,0.125,0.875,,,,,0.0002172130007238593,0.00034545799917395925
directed1.edgelist,directed,random,0.2,8,8,1,0.125,True,False,inf,inf,1.0,inf,inf,inf,1552.0,18.0,0.125,0.75,0.125,,,,1.0,,,,,,,,0.875,0.125,,,,,0.875,0.125,,,,,2.884500008804025e-05,0.00027660599971568445
directed1.edgelist,directed,k_neighbor,0.2,8,8,6,0.75,True,False,inf,inf,0.42857142857142855,inf,inf,inf,1552.0,1509.0,0.125,0.75,0.125,,,,1.0,,,,0.625,0.25,0.125,,,,,,,,,,,,,,0.0005123049995745532,0.00031797599967831047
directed1.edgelist,directed,local_degree,0.2,8,8,8,1.0,True,True,inf,inf,1.0,inf,inf,inf,1552.0,1552.0,0.125,0.75,0.125,,,,1.0,,,,,,,,0.125,0.75,0.125,,,,,1.0,,,,,8.116400022117887e-05,0.0010117949996129028
directed1.edgelist,directed,mst,0.2,8,8,7,0.875,True,True,inf,27.0,0.0,inf,inf,inf,1552.0,1542.0,0.125,0.75,0.125,,,,1.0,,,,0.25,0.75,,,,,,,,,,,,,,,9.181499990518205e-05,0.00031614199997420656
directed1.edgelist,directed,t_spanner,0.2,8,8,16,2.0,True,True,inf,inf,1.0,inf,inf,inf,1552.0,1552.0,0.125,0.75,0.125,,,,1.0,,,,,,,,,0.125,0.75,0.125,,,,0.125,0.75,0.125,,,0.00016005499946913915,0.000429817000622279
directed10.edgelist,directed,original,0.2,18,27,,1.0,True,True,inf,inf,1.0,inf,inf,inf,115814.166644631,115814.166644631,0.16666666666666666,0.5,0.05555555555555555,0.2222222222222222,0.05555555555555555,0.16666666666666666,0.3888888888888889,0.2777777777777778,0.1111111111111111,0.05555555555555555,,,,,0.16666666666666666,0.5,0.05555555555555555,0.2222222222222222,0.05555555555555555,,0.16666666666666666,0.3888888888888889,0.2777777777777778,0.1111111111111111,0.05555555555555555,,,0.0011287779998383485
directed10.edgelist,directed,kols,0.2,18,27,17,0.6296296296296297,True,True,inf,inf,1.0,inf,inf,inf,115814.166644631,92983.56716091701,0.16666666666666666,0.5,0.05555555555555555,0.2222222222222222,0.05555555555555555,0.16666666666666666,0.3888888888888889,0.2777777777777778,0.1111111111111111,0.05555555555555555,,,,,0.3333333333333333,0.4444444444444444,0.16666666666666666,0.05555555555555555,,,0.2777777777777778,0.5,0.2222222222222222,,,,0.0003802430001087487,0.0007153810001909733
directed10.edgelist,directed,random,0.2,18,27,6,0.2222222222222222,True,False,inf,inf,1.0,inf,inf,inf,115814.166644631,21081.127667466008,0.16666666666666666,0.5,0.05555555555555555,0.2222222222222222,0.05555555555555555,0.16666666666666666,0.3888888888888889,0.2777777777777778,0.1111111111111111,0.05555555555555555,,,,,0.7222222222222222,0.2222222222222222,0.05555555555555555,,,,0.6666666666666666,0.3333333333333333,,,,,4.6429000576608814e-05,0.0007143390002966044
directed10.edgelist,directed,k_neighbor,0.2,18,27,15,0.5555555555555556,True,False,inf,inf,0.5686274509803921,inf,inf,inf,115814.166644631,84878.447883425,0.16666666666666666,0.5,0.05555555555555555,0.2222222222222222,0.05555555555555555,0.16666666666666666,0.3888888888888889,0.2777777777777778,0.1111111111111111,0.05555555555555555,0.5555555555555556,0.2777777777777778,0.1111111111111111,0.05555555555555555,,,,,,,,,,,,,0.0009600869998394046,0.0008990209998955834
directed10.edgelist,directed,local_degree,0.2,18,27,15,0.5555555555555556,True,False,inf,inf,1.0,inf,inf,inf,115814.166644631,43851.221170488,0.16666666666666666,0.5,0.05555555555555555,0.2222222222222222,0.05555555555555555,0.16666666666666666,0.3888888888888889,0.2777777777777778,0.1111111111111111,0.05555555555555555,,,,,0.6111111111111112,0.1111111111111111,0.16666666666666666,0.05555555555555555,0.05555555555555555,,0.16666666666666666,0.8333333333333334,,,,,0.00012983700071345083,0.0007369219993051956
directed10.edgelist,directed,mst,0.2,18,27,17,0.6296296296296297,True,True,inf,86.54650000000001,0.0,inf,inf,inf,115814.166644631,96800.85930057801,0.16666666666666666,0.5,0.05555555555555555,0.2222222222222222,0.05555555555555555,0.16666666666666666,0.3888888888888889,0.2777777777777778,0.1111111111111111,0.05555555555555555,0.3333333333333333,0.5,0.1111111111111111,0.05555555555555555,,,,,,,,,,,,,0.00017380999997840263,0.0009363219996885164
directed10.edgelist,directed,t_spanner,0.2,18,27,40,1.4814814814814814,True,True,inf,inf,1.0,inf,inf,inf,115814.166644631,105028.57502701801,0.16666666666666666,0.5,0.05555555555555555,0.2222222222222222,0.05555555555555555,0.16666666666666666,0.3888888888888889,0.2777777777777778,0.1111111111111111,0.05555555555555555,,,,,,0.2222222222222222,0.5,0.16666666666666666,0.05555555555555555,0.05555555555555555,,0.2222222222222222,0.5,0.16666666666666666,0.05555555555555555,0.05555555555555555,0.0005111729997224757,0.0013169059993742849
directed2.edgelist,directed,original,0.2,6,5,,1.0,True,True,inf,inf,1.0,inf,inf,inf,4699.72252392,4699.72252392,0.5,0.16666666666666666,0.3333333333333333,,,0.3333333333333333,0.5,0.16666666666666666,,,,,,,0.5,0.16666666666666666,0.3333333333333333,,,,0.3333333333333333,0.5,0.16666666666666666,,,,,0.00026371199965069536
directed2.edgelist,directed,kols,0.2,6,5,5,1.0,True,True,inf,inf,1.0,inf,inf,inf,4699.72252392,4699.72252392,0.5,0.16666666666666666,0.3333333333333333,,,0.3333333333333333,0.5,0.16666666666666666,,,,,,,0.5,0.16666666666666666,0.3333333333333333,,,,0.3333333333333333,0.5,0.16666666666666666,,,,0.00013792299978376832,0.00028556399956869427
directed2.edgelist,directed,random,0.2,6,5,1,0.2,True,False,inf,inf,1.0,inf,inf,inf,4699.72252392,85.18335155899993,0.5,0.16666666666666666,0.3333333333333333,,,0.3333333333333333,0.5,0.16666666666666666,,,,,,,0.8333333333333334,0.16666666666666666,,,,,0.8333333333333334,0.16666666666666666,,,,,2.7872999453393277e-05,0.0002592629998616758
directed2.edgelist,directed,k_neighbor,0.2,6,5,4,0.8,True,False,inf,inf,0.6,inf,inf,inf,4699.72252392,4436.30526342,0.5,0.16666666666666666,0.3333333333333333,,,0.3333333333333333,0.5,0.16666666666666666,,,0.6666666666666666,0.3333333333333333,,,,,,,,,,,,,,,0.0002921659997809911,0.00022405599975172663
directed2.edgelist,directed,local_degree,0.2,6,5,4,0.8,True,False,inf,inf,1.0,inf,inf,inf,4699.72252392,4614.539172361,0.5,0.16666666666666666,0.3333333333333333,,,0.3333333333333333,0.5,0.16666666666666666,,,,,,,0.5,0.3333333333333333,0.16666666666666666,,,,0.3333333333333333,0.6666666666666666,,,,,6.106599994382123e-05,0.00027721799961000215
directed2.edgelist,directed,mst,0.2,6,5,5,1.0,True,True,inf,43.761,0.0,inf,inf,inf,4699.72252392,4699.72252392,0.5,0.16666666666666666,0.3333333333333333,,,0.3333333333333333,0.5,0.16666666666666666,,,0.5,0.3333333333333333,0.16666666666666666,,,,,,,,,,,,,,7.059499966999283e-05,0.00023532800059911096
directed2.edgelist,directed,t_spanner,0.2,6,5,10,2.0,True,True,inf,inf,1.0,inf,inf,inf,4699.72252392,4699.72252392,0.5,0.16666666666666666,0.3333333333333333,,,0.3333333333333333,0.5,0.16666666666666666,,,,,,,,0.5,0.3333333333333333,0.16666666666666666,,,,0.5,0.3333333333333333,0.16666666666666666,,,0.00012837400026910473,0.0003221730003133416
directed3.edgelist,directed,original,0.2,7,7,,1.0,True,True,inf,inf,1.0,inf,inf,inf,42778.411325760026,42778.411325760026,0.14285714285714285,0.7142857142857143,0.14285714285714285,,,0.42857142857142855,0.2857142857142857,0.14285714285714285,0.14285714285714285,,,,,,0.14285714285714285,0.7142857142857143,0.14285714285714285,,,,0.42857142857142855,0.2857142857142857,0.14285714285714285,0.14285714285714285,,,,0.0003439250003793859
directed3.edgelist,directed,kols,0.2,7,7,6,0.8571428571428571,True,True,inf,inf,1.0,inf,inf,inf,42778.411325760026,33091.20357453801,0.14285714285714285,0.7142857142857143,0.14285714285714285,,,0.42857142857142855,0.2857142857142857,0.14285714285714285,0.14285714285714285,,,,,,0.14285714285714285,0.8571428571428571,,,,,0.42857142857142855,0.2857142857142857,0.2857142857142857,,,,0.0001850930002547102,0.000296794999485428
directed3.edgelist,directed,random,0.2,7,7,1,0.14285714285714285,True,False,inf,inf,1.0,inf,inf,inf,42778.411325760026,9687.207751222006,0.14285714285714285,0.7142857142857143,0.14285714285714285,,,0.42857142857142855,0.2857142857142857,0.14285714285714285,0.14285714285714285,,,,,,0.8571428571428571,0.14285714285714285,,,,,0.8571428571428571,0.14285714285714285,,,,,3.303300036350265e-05,0.00024752100034675095
directed3.edgelist,directed,k_neighbor,0.2,7,7,5,0.7142857142857143,True,False,inf,inf,0.47619047619047616,inf,inf,inf,42778.411325760026,23133.823183372002,0.14285714285714285,0.7142857142857143,0.14285714285714285,,,0.42857142857142855,0.2857142857142857,0.14285714285714285,0.14285714285714285,,0.5714285714285714,0.42857142857142855,,,,,,,,,,,,,,,0.00047473299946432235,0.00026080599945998983
directed3.edgelist,directed,local_degree,0.2,7,7,4,0.5714285714285714,True,False,inf,inf,1.0,inf,inf,inf,42778.411325760026,17821.717558286007,0.14285714285714285,0.7142857142857143,0.14285714285714285,,,0.42857142857142855,0.2857142857142857,0.14285714285714285,0.14285714285714285,,,,,,0.42857142857142855,0.5714285714285714,,,,,0.42857142857142855,0.5714285714285714,,,,,5.86220003242488e-05,0.00025426400043215835
directed3.edgelist,directed,mst,0.2,7,7,6,0.8571428571428571,True,True,inf,52.123,0.0,inf,inf,inf,42778.411325760026,33091.20357453801,0.14285714285714285,0.7142857142857143,0.14285714285714285,,,0.42857142857142855,0.2857142857142857,0.14285714285714285,0.14285714285714285,,0.42857142857142855,0.42857142857142855,0.14285714285714285,,,,,,,,,,,,,,7.614500009367475e-05,0.00030692499967699405
directed3.edgelist,directed,t_spanner,0.2,7,7,12,1.7142857142857142,True,True,inf,inf,1.0,inf,inf,inf,42778.411325760026,33091.20357453801,0.14285714285714285,0.7142857142857143,0.14285714285714285,,,0.42857142857142855,0.2857142857142857,0.14285714285714285,0.14285714285714285,,,,,,,0.42857142857142855,0.42857142857142855,0.14285714285714285,,,,0.42857142857142855,0.42857142857142855,0.14285714285714285,,,0.00015612700008205138,0.0003312500002721208
directed4.edgelist,directed,original,0.2,7,7,,1.0,True,True,inf,inf,1.0,inf,inf,inf,17027.728616379994,17027.728616379994,0.42857142857142855,0.42857142857142855,,,0.14285714285714285,0.2857142857142857,0.42857142857142855,0.2857142857142857,,,,,,,0.42857142857142855,0.42857142857142855,,,0.14285714285714285,,0.2857142857142857,0.42857142857142855,0.2857142857142857,,,,,0.00030233599954954116
directed4.edgelist,directed,kols,0.2,7,7,6,0.8571428571428571,True,True,inf,inf,1.0,inf,inf,inf,17027.728616379994,12264.606156738997,0.42857142857142855,0.42857142857142855,,,0.14285714285714285,0.2857142857142857,0.42857142857142855,0.2857142857142857,,,,,,,0.42857142857142855,0.42857142857142855,,0.14285714285714285,,,0.2857142857142857,0.5714285714285714,0.14285714285714285,,,,0.0001608359998499509,0.00035564700010581873
directed4.edgelist,directed,random,0.2,7,7,1,0.14285714285714285,True,False,inf,inf,1.0,inf,inf,inf,17027.728616379994,3918.4059318389986,0.42857142857142855,0.42857142857142855,,,0.14285714285714285,0.2857142857142857,0.42857142857142855,0.2857142857142857,,,,,,,0.8571428571428571,0.14285714285714285,,,,,0.8571428571428571,0.14285714285714285,,,,,2.8082999961043242e-05,0.00022856499981571687
directed4.edgelist,directed,k_neighbor,0.2,7,7,4,0.5714285714285714,True,False,inf,inf,0.7619047619047619,inf,inf,inf,17027.728616379994,5581.491696083998,0.42857142857142855,0.42857142857142855,,,0.14285714285714285,0.2857142857142857,0.42857142857142855,0.2857142857142857,,,0.8571428571428571,0.14285714285714285,,,,,,,,,,,,,,,0.00043951699990429915,0.00023754199992254144
directed4.edgelist,directed,local_degree,0.2,7,7,5,0.7142857142857143,True,False,inf,inf,1.0,inf,inf,inf,17027.728616379994,14574.742200258996,0.42857142857142855,0.42857142857142855,,,0.14285714285714285,0.2857142857142857,0.42857142857142855,0.2857142857142857,,,,,,,0.7142857142857143,0.14285714285714285,,,0.14285714285714285,,0.2857142857142857,0.7142857142857143,,,,,5.952300034550717e-05,0.00025114799973380286
directed4.edgelist,directed,mst,0.2,7,7,6,0.8571428571428571,True,True,inf,54.193,0.0,inf,inf,inf,17027.728616379994,12264.606156738997,0.42857142857142855,0.42857142857142855,,,0.14285714285714285,0.2857142857142857,0.42857142857142855,0.2857142857142857,,,0.42857142857142855,0.42857142857142855,0.14285714285714285,,,,,,,,,,,,,,7.634599933226127e-05,0.0002533019996917574
directed4.edgelist,directed,t_spanner,0.2,7,7,12,1.7142857142857142,True,True,inf,inf,1.0,inf,inf,inf,17027.728616379994,12264.606156738997,0.42857142857142855,0.42857142857142855,,,0.14285714285714285,0.2857142857142857,0.42857142857142855,0.2857142857142857,,,,,,,,0.42857142857142855,0.42857142857142855,0.14285714285714285,,,,0.42857142857142855,0.42857142857142855,0.14285714285714285,,,0.00018436999926052522,0.0003325729994685389
directed5.edgelist,directed,original,0.2,5,5,,1.0,True,True,inf,inf,1.0,inf,inf,inf,4928.424258318,4928.424258318,,1.0,,,,0.4,0.2,0.4,,,,,,,,1.0,,,,,0.4,0.2,0.4,,,,,0.00031298500016418984
directed5.edgelist,directed,kols,0.2,5,5,4,0.8,True,True,inf,inf,1.0,inf,inf,inf,4928.424258318,4928.424258318,,1.0,,,,0.4,0.2,0.4,,,,,,,0.2,0.8,,,,,0.4,0.4,0.2,,,,0.00021096099953865632,0.00030126399997243425
directed5.edgelist,directed,random,0.2,5,5,1,0.2,True,False,inf,inf,1.0,inf,inf,inf,4928.424258318,1042.5651120019995,,1.0,,,,0.4,0.2,0.4,,,,,,,0.8,0.2,,,,,0.8,0.2,,,,,2.4687000404810533e-05,0.00023804300053598126
directed5.edgelist,directed,k_neighbor,0.2,5,5,3,0.6,True,False,inf,inf,0.6,inf,inf,inf,4928.424258318,3885.859146316,,1.0,,,,0.4,0.2,0.4,,,0.8,0.2,,,,,,,,,,,,,,,0.00024751100045250496,0.00019895900004485156
directed5.edgelist,directed,local_degree,0.2,5,5,3,0.6,True,False,inf,inf,1.0,inf,inf,inf,4928.424258318,3860.4252993539994,,1.0,,,,0.4,0.2,0.4,,,,,,,0.4,0.6,,,,,0.4,0.6,,,,,4.514600004767999e-05,0.0002046290001089801
directed5.edgelist,directed,mst,0.2,5,5,4,0.8,True,True,inf,42.884,0.0,inf,inf,inf,4928.424258318,4930.595838099,,1.0,,,,0.4,0.2,0.4,,,0.4,0.6,,,,,,,,,,,,,,,6.199799918249482e-05,0.00019073299972660607
directed5.edgelist,directed,t_spanner,0.2,5,5,8,1.6,True,True,inf,inf,1.0,inf,inf,inf,4928.424258318,4928.424258318,,1.0,,,,0.4,0.2,0.4,,,,,,,,0.4,0.6,,,,,0.4,0.6,,,,0.00011236399950576015,0.00024009700064198114
directed6.edgelist,directed,original,0.2,5,4,,1.0,True,True,inf,inf,1.0,inf,inf,inf,497.18970783999987,497.18970783999987,0.2,0.8,,,,0.4,0.4,0.2,,,,,,,0.2,0.8,,,,,0.4,0.4,0.2,,,,,0.00023475700072594918
directed6.edgelist,directed,kols,0.2,5,4,4,1.0,True,True,inf,inf,1.0,inf,inf,inf,497.18970783999987,497.18970783999987,0.2,0.8,,,,0.4,0.4,0.2,,,,,,,0.2,0.8,,,,,0.4,0.4,0.2,,,,0.00017397099964000518,0.00021251400085020578
directed6.edgelist,directed,random,0.2,5,4,1,0.25,True,False,inf,inf,1.0,inf,inf,inf,497.18970783999987,352.86434471199993,0.2,0.8,,,,0.4,0.4,0.2,,,,,,,0.8,0.2,,,,,0.8,0.2,,,,,2.3234999389387667e-05,0.00023174100078904303
directed6.edgelist,directed,k_neighbor,0.2,5,4,3,0.75,True,False,inf,inf,0.6,inf,inf,inf,497.18970783999987,455.95823741999993,0.2,0.8,,,,0.4,0.4,0.2,,,0.8,0.2,,,,,,,,,,,,,,,0.0002616080000734655,0.00019055299981118878
directed6.edgelist,directed,local_degree,0.2,5,4,3,0.75,True,False,inf,inf,1.0,inf,inf,inf,497.18970783999987,496.4651968399999,0.2,0.8,,,,0.4,0.4,0.2,,,,,,,0.4,0.6,,,,,0.4,0.6,,,,,4.468499992071884e-05,0.00019902900021406822
directed6.edgelist,directed,mst,0.2,5,4,4,1.0,True,True,inf,31.449999999999996,0.0,inf,inf,inf,497.18970783999987,497.18970783999987,0.2,0.8,,,,0.4,0.4,0.2,,,0.4,0.6,,,,,,,,,,,,,,,5.81599997531157e-05,0.00020173400025669252
directed6.edgelist,directed,t_spanner,0.2,5,4,8,2.0,True,True,inf,inf,1.0,inf,inf,inf,497.18970783999987,497.18970783999987,0.2,0.8,,,,0.4,0.4,0.2,,,,,,,,0.4,0.6,,,,,0.4,0.6,,,,0.00010541099982219748,0.00023077900004864205
directed7.edgelist,directed,original,0.2,17,34,,1.0,True,True,inf,inf,1.0,inf,inf,inf,69236.44689596098,69236.44689596098,0.058823529411764705,0.4117647058823529,0.17647058823529413,0.17647058823529413,0.17647058823529413,0.17647058823529413,0.17647058823529413,0.23529411764705882,0.29411764705882354,0.11764705882352941,,,,,0.058823529411764705,0.4117647058823529,0.17647058823529413,0.17647058823529413,0.17647058823529413,,0.17647058823529413,0.17647058823529413,0.23529411764705882,0.29411764705882354,0.11764705882352941,,,0.001073632999577967
directed7.edgelist,directed,kols,0.2,17,34,16,0.47058823529411764,True,True,inf,inf,1.0,inf,inf,inf,69236.44689596098,31635.601741574996,0.058823529411764705,0.4117647058823529,0.17647058823529413,0.17647058823529413,0.17647058823529413,0.17647058823529413,0.17647058823529413,0.23529411764705882,0.29411764705882354,0.11764705882352941,,,,,0.17647058823529413,0.7058823529411765,0.11764705882352941,,,,0.4117647058823529,0.35294117647058826,0.11764705882352941,0.11764705882352941,,,0.0003201100007572677,0.0007996519998414442
directed7.edgelist,directed,random,0.2,17,34,7,0.20588235294117646,True,False,inf,inf,1.0,inf,inf,inf,69236.44689596098,13378.241846223997,0.058823529411764705,0.4117647058823529,0.17647058823529413,0.17647058823529413,0.17647058823529413,0.17647058823529413,0.17647058823529413,0.23529411764705882,0.29411764705882354,0.11764705882352941,,,,,0.6470588235294118,0.29411764705882354,0.058823529411764705,,,,0.7058823529411765,0.17647058823529413,0.11764705882352941,,,,4.8923000576905906e-05,0.0007854349996705423
directed7.edgelist,directed,k_neighbor,0.2,17,34,13,0.38235294117647056,True,False,inf,inf,0.7205882352941176,inf,inf,inf,69236.44689596098,19479.228961803,0.058823529411764705,0.4117647058823529,0.17647058823529413,0.17647058823529413,0.17647058823529413,0.17647058823529413,0.17647058823529413,0.23529411764705882,0.29411764705882354,0.11764705882352941,0.5294117647058824,0.4117647058823529,0.058823529411764705,,,,,,,,,,,,,,0.0008880499999577296,0.0008119149997583008
directed7.edgelist,directed,local_degree,0.2,17,34,14,0.4117647058823529,True,False,inf,inf,1.0,inf,inf,inf,69236.44689596098,30555.233108409997,0.058823529411764705,0.4117647058823529,0.17647058823529413,0.17647058823529413,0.17647058823529413,0.17647058823529413,0.17647058823529413,0.23529411764705882,0.29411764705882354,0.11764705882352941,,,,,0.47058823529411764,0.29411764705882354,0.17647058823529413,0.058823529411764705,,,0.17647058823529413,0.8235294117647058,,,,,0.0001220620006279205,0.000791345999459736
directed7.edgelist,directed,mst,0.2,17,34,16,0.47058823529411764,True,True,inf,61.477000000000004,0.0,inf,inf,inf,69236.44689596098,35125.949155653,0.058823529411764705,0.4117647058823529,0.17647058823529413,0.17647058823529413,0.17647058823529413,0.17647058823529413,0.17647058823529413,0.23529411764705882,0.29411764705882354,0.11764705882352941,0.4117647058823529,0.4117647058823529,0.058823529411764705,0.11764705882352941,,,,,,,,,,,,,0.00019313799930387177,0.0009950439998647198
directed7.edgelist,directed,t_spanner,0.2,17,34,40,1.1764705882352942,True,True,inf,inf,1.0,inf,inf,inf,69236.44689596098,38545.534246512994,0.058823529411764705,0.4117647058823529,0.17647058823529413,0.17647058823529413,0.17647058823529413,0.17647058823529413,0.17647058823529413,0.23529411764705882,0.29411764705882354,0.11764705882352941,,,,,,0.23529411764705882,0.35294117647058826,0.29411764705882354,0.058823529411764705,0.058823529411764705,,0.23529411764705882,0.35294117647058826,0.29411764705882354,0.058823529411764705,0.058823529411764705,0.0005199490005907137,0.001257242999599839
directed8.edgelist,directed,original,0.2,17,31,,1.0,True,True,inf,inf,1.0,inf,inf,inf,254251.95705683393,254251.95705683393,0.17647058823529413,0.23529411764705882,0.29411764705882354,0.17647058823529413,0.11764705882352941,0.17647058823529413,0.23529411764705882,0.23529411764705882,0.29411764705882354,0.058823529411764705,,,,,0.17647058823529413,0.23529411764705882,0.29411764705882354,0.17647058823529413,0.11764705882352941,,0.17647058823529413,0.23529411764705882,0.23529411764705882,0.29411764705882354,0.058823529411764705,,,0.001255159000720596
directed8.edgelist,directed,kols,0.2,17,31,16,0.5161290322580645,True,True,inf,inf,1.0,inf,inf,inf,254251.95705683393,75292.55551220001,0.17647058823529413,0.23529411764705882,0.29411764705882354,0.17647058823529413,0.11764705882352941,0.17647058823529413,0.23529411764705882,0.23529411764705882,0.29411764705882354,0.058823529411764705,,,,,0.29411764705882354,0.47058823529411764,0.23529411764705882,,,,0.4117647058823529,0.29411764705882354,0.23529411764705882,0.058823529411764705,,,0.0002981980005642981,0.0008270940006696037
directed8.edgelist,directed,random,0.2,17,31,7,0.22580645161290322,True,False,inf,inf,1.0,inf,inf,inf,254251.95705683393,32734.108626953006,0.17647058823529413,0.23529411764705882,0.29411764705882354,0.17647058823529413,0.11764705882352941,0.17647058823529413,0.23529411764705882,0.23529411764705882,0.29411764705882354,0.058823529411764705,,,,,0.6470588235294118,0.29411764705882354,0.058823529411764705,,,,0.7058823529411765,0.17647058823529413,0.11764705882352941,,,,4.491599975153804e-05,0.0007392959996650461
directed8.edgelist,directed,k_neighbor,0.2,17,31,15,0.4838709677419355,True,False,inf,inf,0.5514705882352942,inf,inf,inf,254251.95705683393,185466.59299551896,0.17647058823529413,0.23529411764705882,0.29411764705882354,0.17647058823529413,0.11764705882352941,0.17647058823529413,0.23529411764705882,0.23529411764705882,0.29411764705882354,0.058823529411764705,0.5294117647058824,0.29411764705882354,0.058823529411764705,0.11764705882352941,,,,,,,,,,,,,0.0010406999999759137,0.0008272639997812803
directed8.edgelist,directed,local_degree,0.2,17,31,14,0.45161290322580644,True,False,inf,inf,1.0,inf,inf,inf,254251.95705683393,178603.75335907296,0.17647058823529413,0.23529411764705882,0.29411764705882354,0.17647058823529413,0.11764705882352941,0.17647058823529413,0.23529411764705882,0.23529411764705882,0.29411764705882354,0.058823529411764705,,,,,0.6470588235294118,0.11764705882352941,0.058823529411764705,0.11764705882352941,0.058823529411764705,,0.17647058823529413,0.8235294117647058,,,,,0.00011867600005643908,0.00080703599996923
directed8.edgelist,directed,mst,0.2,17,31,16,0.5161290322580645,True,True,inf,57.454,0.0,inf,inf,inf,254251.95705683393,82358.06738607801,0.17647058823529413,0.23529411764705882,0.29411764705882354,0.17647058823529413,0.11764705882352941,0.17647058823529413,0.23529411764705882,0.23529411764705882,0.29411764705882354,0.058823529411764705,0.35294117647058826,0.4117647058823529,0.23529411764705882,,,,,,,,,,,,,,0.0001667079995968379,0.0009533649999866611
directed8.edgelist,directed,t_spanner,0.2,17,31,40,1.2903225806451613,True,True,inf,inf,1.0,inf,inf,inf,254251.95705683393,121057.67518722598,0.17647058823529413,0.23529411764705882,0.29411764705882354,0.17647058823529413,0.11764705882352941,0.17647058823529413,0.23529411764705882,0.23529411764705882,0.29411764705882354,0.058823529411764705,,,,,,0.29411764705882354,0.17647058823529413,0.47058823529411764,,0.058823529411764705,,0.29411764705882354,0.17647058823529413,0.47058823529411764,,0.058823529411764705,0.000524217000020144,0.0012799449996236945
directed9.edgelist,directed,original,0.2,11,17,,1.0,True,True,inf,inf,1.0,inf,inf,inf,70038.67600671102,70038.67600671102,0.09090909090909091,0.45454545454545453,0.2727272727272727,0.18181818181818182,,0.09090909090909091,0.36363636363636365,0.45454545454545453,0.09090909090909091,,,,,,0.09090909090909091,0.45454545454545453,0.2727272727272727,0.18181818181818182,,,0.09090909090909091,0.36363636363636365,0.45454545454545453,0.09090909090909091,,,,0.0006540739996125922
directed9.edgelist,directed,kols,0.2,11,17,10,0.5882352941176471,True,True,inf,inf,1.0,inf,inf,inf,70038.67600671102,62676.01759068902,0.09090909090909091,0.45454545454545453,0.2727272727272727,0.18181818181818182,,0.09090909090909091,0.36363636363636365,0.45454545454545453,0.09090909090909091,,,,,,0.36363636363636365,0.45454545454545453,0.09090909090909091,0.09090909090909091,,,0.2727272727272727,0.5454545454545454,0.18181818181818182,,,,0.00023830400004953844,0.0005420620000222698
directed9.edgelist,directed,random,0.2,11,17,4,0.23529411764705882,True,False,inf,inf,1.0,inf,inf,inf,70038.67600671102,2515.9209960430003,0.09090909090909091,0.45454545454545453,0.2727272727272727,0.18181818181818182,,0.09090909090909091,0.36363636363636365,0.45454545454545453,0.09090909090909091,,,,,,0.6363636363636364,0.36363636363636365,,,,,0.6363636363636364,0.36363636363636365,,,,,3.54370004060911e-05,0.0004671990000133519
directed9.edgelist,directed,k_neighbor,0.2,11,17,10,0.5882352941176471,True,True,inf,94.58449999999999,0.0,inf,inf,inf,70038.67600671102,57131.62766205252,0.09090909090909091,0.45454545454545453,0.2727272727272727,0.18181818181818182,,0.09090909090909091,0.36363636363636365,0.45454545454545453,0.09090909090909091,,0.45454545454545453,0.2727272727272727,0.2727272727272727,,,,,,,,,,,,,,0.0005799840000690892,0.0005696839998563519
directed9.edgelist,directed,local_degree,0.2,11,17,10,0.5882352941176471,True,False,inf,inf,1.0,inf,inf,inf,70038.67600671102,36448.15907713501,0.09090909090909091,0.45454545454545453,0.2727272727272727,0.18181818181818182,,0.09090909090909091,0.36363636363636365,0.45454545454545453,0.09090909090909091,,,,,,0.45454545454545453,0.2727272727272727,0.18181818181818182,0.09090909090909091,,,0.09090909090909091,0.9090909090909091,,,,,8.804799927020213e-05,0.0004851140001846943
directed9.edgelist,directed,mst,0.2,11,17,10,0.5882352941176471,True,True,inf,41.63,0.0,inf,inf,inf,70038.67600671102,64671.05537746803,0.09090909090909091,0.45454545454545453,0.2727272727272727,0.18181818181818182,,0.09090909090909091,0.36363636363636365,0.45454545454545453,0.09090909090909091,,0.5454545454545454,0.18181818181818182,0.18181818181818182,0.09090909090909091,,,,,,,,,,,,,0.00011130199982289923,0.000546029000361159
directed9.edgelist,directed,t_spanner,0.2,11,17,22,1.2941176470588236,True,True,inf,inf,1.0,inf,inf,inf,70038.67600671102,63323.624036394016,0.09090909090909091,0.45454545454545453,0.2727272727272727,0.18181818181818182,,0.09090909090909091,0.36363636363636365,0.45454545454545453,0.09090909090909091,,,,,,,0.36363636363636365,0.36363636363636365,0.18181818181818182,0.09090909090909091,,,0.36363636363636365,0.36363636363636365,0.18181818181818182,0.09090909090909091,,0.0003300080006738426,0.000651831000141101
