graph,graph_family,method,rho,n,m_og,m_sparse,edges_ratio,connected_original,connected_sparsified,diameter_original,diameter_sparsified,unreachable_pairs_ratio,stretch_avg,stretch_var,stretch_max,laplacian_qf_original,laplacian_qf_sparsified,degree_distribution_original_in_0,degree_distribution_original_in_1,degree_distribution_original_in_10,degree_distribution_original_in_11,degree_distribution_original_in_12,degree_distribution_original_in_13,degree_distribution_original_in_14,degree_distribution_original_in_15,degree_distribution_original_in_16,degree_distribution_original_in_17,degree_distribution_original_in_18,degree_distribution_original_in_19,degree_distribution_original_in_2,degree_distribution_original_in_20,degree_distribution_original_in_21,degree_distribution_original_in_22,degree_distribution_original_in_23,degree_distribution_original_in_24,degree_distribution_original_in_25,degree_distribution_original_in_26,degree_distribution_original_in_27,degree_distribution_original_in_28,degree_distribution_original_in_29,degree_distribution_original_in_3,degree_distribution_original_in_30,degree_distribution_original_in_31,degree_distribution_original_in_32,degree_distribution_original_in_34,degree_distribution_original_in_35,degree_distribution_original_in_36,degree_distribution_original_in_37,degree_distribution_original_in_38,degree_distribution_original_in_39,degree_distribution_original_in_4,degree_distribution_original_in_40,degree_distribution_original_in_41,degree_distribution_original_in_42,degree_distribution_original_in_43,degree_distribution_original_in_44,degree_distribution_original_in_46,degree_distribution_original_in_48,degree_distribution_original_in_49,degree_distribution_original_in_5,degree_distribution_original_in_50,degree_distribution_original_in_51,degree_distribution_original_in_52,degree_distribution_original_in_53,degree_distribution_original_in_55,degree_distribution_original_in_58,degree_distribution_original_in_59,degree_distribution_original_in_6,degree_distribution_original_in_60,degree_distribution_original_in_64,degree_distribution_original_in_65,degree_distribution_original_in_69,degree_distribution_original_in_7,degree_distribution_original_in_72,degree_distribution_original_in_74,degree_distribution_original_in_76,degree_distribution_original_in_78,degree_distribution_original_in_8,degree_distribution_original_in_82,degree_distribution_original_in_83,degree_distribution_original_in_86,degree_distribution_original_in_87,degree_distribution_original_in_9,degree_distribution_original_in_92,degree_distribution_original_out_0,degree_distribution_original_out_1,degree_distribution_original_out_10,degree_distribution_original_out_11,degree_distribution_original_out_12,degree_distribution_original_out_13,degree_distribution_original_out_14,degree_distribution_original_out_15,degree_distribution_original_out_16,degree_distribution_original_out_17,degree_distribution_original_out_18,degree_distribution_original_out_19,degree_distribution_original_out_2,degree_distribution_original_out_20,degree_distribution_original_out_21,degree_distribution_original_out_22,degree_distribution_original_out_23,degree_distribution_original_out_24,degree_distribution_original_out_25,degree_distribution_original_out_26,degree_distribution_original_out_27,degree_distribution_original_out_28,degree_distribution_original_out_29,degree_distribution_original_out_3,degree_distribution_original_out_30,degree_distribution_original_out_31,degree_distribution_original_out_32,degree_distribution_original_out_33,degree_distribution_original_out_34,degree_distribution_original_out_35,degree_distribution_original_out_38,degree_distribution_original_out_39,degree_distribution_original_out_4,degree_distribution_original_out_40,degree_distribution_original_out_41,degree_distribution_original_out_42,degree_distribution_original_out_43,degree_distribution_original_out_44,degree_distribution_original_out_46,degree_distribution_original_out_47,degree_distribution_original_out_5,degree_distribution_original_out_50,degree_distribution_original_out_51,degree_distribution_original_out_53,degree_distribution_original_out_55,degree_distribution_original_out_56,degree_distribution_original_out_57,degree_distribution_original_out_58,degree_distribution_original_out_6,degree_distribution_original_out_60,degree_distribution_original_out_61,degree_distribution_original_out_62,degree_distribution_original_out_64,degree_distribution_original_out_66,degree_distribution_original_out_7,degree_distribution_original_out_70,degree_distribution_original_out_72,degree_distribution_original_out_73,degree_distribution_original_out_74,degree_distribution_original_out_75,degree_distribution_original_out_77,degree_distribution_original_out_8,degree_distribution_original_out_80,degree_distribution_original_out_81,degree_distribution_original_out_85,degree_distribution_original_out_9,degree_distribution_original_out_91,degree_distribution_original_out_94,degree_distribution_original_out_96,degree_distribution_sparsified_1,degree_distribution_sparsified_10,degree_distribution_sparsified_11,degree_distribution_sparsified_12,degree_distribution_sparsified_13,degree_distribution_sparsified_14,degree_distribution_sparsified_15,degree_distribution_sparsified_16,degree_distribution_sparsified_17,degree_distribution_sparsified_18,degree_distribution_sparsified_19,degree_distribution_sparsified_2,degree_distribution_sparsified_20,degree_distribution_sparsified_21,degree_distribution_sparsified_22,degree_distribution_sparsified_25,degree_distribution_sparsified_28,degree_distribution_sparsified_3,degree_distribution_sparsified_31,degree_distribution_sparsified_4,degree_distribution_sparsified_5,degree_distribution_sparsified_6,degree_distribution_sparsified_7,degree_distribution_sparsified_8,degree_distribution_sparsified_9,degree_distribution_sparsified_97,degree_distribution_sparsified_in_0,degree_distribution_sparsified_in_1,degree_distribution_sparsified_in_10,degree_distribution_sparsified_in_11,degree_distribution_sparsified_in_12,degree_distribution_sparsified_in_13,degree_distribution_sparsified_in_14,degree_distribution_sparsified_in_15,degree_distribution_sparsified_in_16,degree_distribution_sparsified_in_17,degree_distribution_sparsified_in_18,degree_distribution_sparsified_in_19,degree_distribution_sparsified_in_2,degree_distribution_sparsified_in_20,degree_distribution_sparsified_in_21,degree_distribution_sparsified_in_22,degree_distribution_sparsified_in_23,degree_distribution_sparsified_in_24,degree_distribution_sparsified_in_25,degree_distribution_sparsified_in_26,degree_distribution_sparsified_in_27,degree_distribution_sparsified_in_28,degree_distribution_sparsified_in_29,degree_distribution_sparsified_in_3,degree_distribution_sparsified_in_30,degree_distribution_sparsified_in_31,degree_distribution_sparsified_in_32,degree_distribution_sparsified_in_33,degree_distribution_sparsified_in_34,degree_distribution_sparsified_in_35,degree_distribution_sparsified_in_36,degree_distribution_sparsified_in_37,degree_distribution_sparsified_in_38,degree_distribution_sparsified_in_39,degree_distribution_sparsified_in_4,degree_distribution_sparsified_in_40,degree_distribution_sparsified_in_41,degree_distribution_sparsified_in_42,degree_distribution_sparsified_in_43,degree_distribution_sparsified_in_44,degree_distribution_sparsified_in_45,degree_distribution_sparsified_in_46,degree_distribution_sparsified_in_47,degree_distribution_sparsified_in_48,degree_distribution_sparsified_in_49,degree_distribution_sparsified_in_5,degree_distribution_sparsified_in_50,degree_distribution_sparsified_in_51,degree_distribution_sparsified_in_52,degree_distribution_sparsified_in_53,degree_distribution_sparsified_in_54,degree_distribution_sparsified_in_55,degree_distribution_sparsified_in_56,degree_distribution_sparsified_in_57,degree_distribution_sparsified_in_58,degree_distribution_sparsified_in_59,degree_distribution_sparsified_in_6,degree_distribution_sparsified_in_60,degree_distribution_sparsified_in_62,degree_distribution_sparsified_in_63,degree_distribution_sparsified_in_64,degree_distribution_sparsified_in_65,degree_distribution_sparsified_in_66,degree_distribution_sparsified_in_67,degree_distribution_sparsified_in_68,degree_distribution_sparsified_in_69,degree_distribution_sparsified_in_7,degree_distribution_sparsified_in_70,degree_distribution_sparsified_in_72,degree_distribution_sparsified_in_74,degree_distribution_sparsified_in_75,degree_distribution_sparsified_in_76,degree_distribution_sparsified_in_78,degree_distribution_sparsified_in_8,degree_distribution_sparsified_in_82,degree_distribution_sparsified_in_83,degree_distribution_sparsified_in_86,degree_distribution_sparsified_in_87,degree_distribution_sparsified_in_9,degree_distribution_sparsified_in_92,degree_distribution_sparsified_in_97,degree_distribution_sparsified_out_0,degree_distribution_sparsified_out_1,degree_distribution_sparsified_out_10,degree_distribution_sparsified_out_11,degree_distribution_sparsified_out_12,degree_distribution_sparsified_out_13,degree_distribution_sparsified_out_14,degree_distribution_sparsified_out_15,degree_distribution_sparsified_out_16,degree_distribution_sparsified_out_17,degree_distribution_sparsified_out_18,degree_distribution_sparsified_out_19,degree_distribution_sparsified_out_2,degree_distribution_sparsified_out_20,degree_distribution_sparsified_out_21,degree_distribution_sparsified_out_22,degree_distribution_sparsified_out_23,degree_distribution_sparsified_out_24,degree_distribution_sparsified_out_25,degree_distribution_sparsified_out_26,degree_distribution_sparsified_out_27,degree_distribution_sparsified_out_28,degree_distribution_sparsified_out_29,degree_distribution_sparsified_out_3,degree_distribution_sparsified_out_30,degree_distribution_sparsified_out_31,degree_distribution_sparsified_out_32,degree_distribution_sparsified_out_33,degree_distribution_sparsified_out_34,degree_distribution_sparsified_out_35,degree_distribution_sparsified_out_36,degree_distribution_sparsified_out_37,degree_distribution_sparsified_out_38,degree_distribution_sparsified_out_39,degree_distribution_sparsified_out_4,degree_distribution_sparsified_out_40,degree_distribution_sparsified_out_41,degree_distribution_sparsified_out_42,degree_distribution_sparsified_out_43,degree_distribution_sparsified_out_44,degree_distribution_sparsified_out_45,degree_distribution_sparsified_out_46,degree_distribution_sparsified_out_47,degree_distribution_sparsified_out_48,degree_distribution_sparsified_out_49,degree_distribution_sparsified_out_5,degree_distribution_sparsified_out_50,degree_distribution_sparsified_out_51,degree_distribution_sparsified_out_52,degree_distribution_sparsified_out_53,degree_distribution_sparsified_out_54,degree_distribution_sparsified_out_55,degree_distribution_sparsified_out_56,degree_distribution_sparsified_out_57,degree_distribution_sparsified_out_58,degree_distribution_sparsified_out_59,degree_distribution_sparsified_out_6,degree_distribution_sparsified_out_60,degree_distribution_sparsified_out_61,degree_distribution_sparsified_out_62,degree_distribution_sparsified_out_63,degree_distribution_sparsified_out_64,degree_distribution_sparsified_out_65,degree_distribution_sparsified_out_66,degree_distribution_sparsified_out_7,degree_distribution_sparsified_out_70,degree_distribution_sparsified_out_72,degree_distribution_sparsified_out_73,degree_distribution_sparsified_out_74,degree_distribution_sparsified_out_75,degree_distribution_sparsified_out_77,degree_distribution_sparsified_out_78,degree_distribution_sparsified_out_8,degree_distribution_sparsified_out_80,degree_distribution_sparsified_out_81,degree_distribution_sparsified_out_85,degree_distribution_sparsified_out_9,degree_distribution_sparsified_out_91,degree_distribution_sparsified_out_94,degree_distribution_sparsified_out_96,degree_distribution_sparsified_out_97,sparsify_time
ants.edgelist,directed,original,0.2,35,480,,1.0,True,True,inf,inf,1.0,inf,inf,inf,51559758.0,51559758.0,0.02857142857142857,0.02857142857142857,0.08571428571428572,,0.02857142857142857,,0.02857142857142857,0.05714285714285714,,0.11428571428571428,,0.05714285714285714,0.02857142857142857,0.02857142857142857,,0.05714285714285714,0.02857142857142857,0.02857142857142857,0.02857142857142857,,,0.05714285714285714,,0.02857142857142857,0.02857142857142857,,,,,,,,,0.02857142857142857,,,,,,,,,0.02857142857142857,,,,,,,,0.05714285714285714,,,,,0.05714285714285714,,,,,0.05714285714285714,,,,,0.02857142857142857,,0.02857142857142857,0.08571428571428572,,0.05714285714285714,0.02857142857142857,0.05714285714285714,0.02857142857142857,,0.02857142857142857,0.02857142857142857,0.05714285714285714,0.02857142857142857,0.02857142857142857,0.02857142857142857,0.05714285714285714,,,0.02857142857142857,,0.05714285714285714,0.02857142857142857,,0.02857142857142857,0.02857142857142857,0.02857142857142857,,,0.02857142857142857,,,,,0.02857142857142857,,,,,,,,0.05714285714285714,,,,,,,,,,,,,,0.05714285714285714,,,,,,,0.05714285714285714,,,,0.02857142857142857,,,,,,,,,,,,,,,,,,,,,,,,,,,,,,0.02857142857142857,0.02857142857142857,0.08571428571428572,,0.02857142857142857,,0.02857142857142857,0.05714285714285714,,0.11428571428571428,,0.05714285714285714,0.02857142857142857,0.02857142857142857,,0.05714285714285714,0.02857142857142857,0.02857142857142857,0.02857142857142857,,,0.05714285714285714,,0.02857142857142857,0.02857142857142857,,,,,,,,,,0.02857142857142857,,,,,,,,,,,0.02857142857142857,,,,,,,,,,,0.05714285714285714,,,,,,,,,,0.05714285714285714,,,,,,,0.05714285714285714,,,,,0.02857142857142857,,,0.02857142857142857,0.08571428571428572,,0.05714285714285714,0.02857142857142857,0.05714285714285714,0.02857142857142857,,0.02857142857142857,0.02857142857142857,0.05714285714285714,0.02857142857142857,0.02857142857142857,0.02857142857142857,0.05714285714285714,,,0.02857142857142857,,0.05714285714285714,0.02857142857142857,,0.02857142857142857,0.02857142857142857,0.02857142857142857,,,0.02857142857142857,,,,,,,0.02857142857142857,,,,,,,,,,,0.05714285714285714,,,,,,,,,,,,,,,,,,,0.05714285714285714,,,,,,,,0.05714285714285714,,,,0.02857142857142857,,,,,
ants.edgelist,directed,kols,0.2,35,480,96,0.2,True,False,inf,inf,1.0,inf,inf,inf,51559758.0,3227834.0,0.02857142857142857,0.02857142857142857,0.08571428571428572,,0.02857142857142857,,0.02857142857142857,0.05714285714285714,,0.11428571428571428,,0.05714285714285714,0.02857142857142857,0.02857142857142857,,0.05714285714285714,0.02857142857142857,0.02857142857142857,0.02857142857142857,,,0.05714285714285714,,0.02857142857142857,0.02857142857142857,,,,,,,,,0.02857142857142857,,,,,,,,,0.02857142857142857,,,,,,,,0.05714285714285714,,,,,0.05714285714285714,,,,,0.05714285714285714,,,,,0.02857142857142857,,0.02857142857142857,0.08571428571428572,,0.05714285714285714,0.02857142857142857,0.05714285714285714,0.02857142857142857,,0.02857142857142857,0.02857142857142857,0.05714285714285714,0.02857142857142857,0.02857142857142857,0.02857142857142857,0.05714285714285714,,,0.02857142857142857,,0.05714285714285714,0.02857142857142857,,0.02857142857142857,0.02857142857142857,0.02857142857142857,,,0.02857142857142857,,,,,0.02857142857142857,,,,,,,,0.05714285714285714,,,,,,,,,,,,,,0.05714285714285714,,,,,,,0.05714285714285714,,,,0.02857142857142857,,,,,,,,,,,,,,,,,,,,,,,,,,,,,,0.4857142857142857,0.02857142857142857,,,,,,,,,,,0.05714285714285714,,,,,,,,,,,0.02857142857142857,,,,,,,,,,,0.08571428571428572,,,,,,,,,,,0.05714285714285714,,,,,,,,,,,0.11428571428571428,,,,,,,,,,,,,,,,,0.08571428571428572,,,,,0.05714285714285714,,,0.7428571428571429,,,0.05714285714285714,0.02857142857142857,0.02857142857142857,0.02857142857142857,,,0.02857142857142857,,,,,,,,,,,,,,,,,,,,,,,,,,,,,,,,,,,,0.05714285714285714,,,,,,,,,,,,,,,,,,,,,,,,,,,0.02857142857142857,,,,,,,,,0.0006654769999983046
ants.edgelist,directed,random,0.2,35,480,386,0.8041666666666667,True,True,inf,inf,1.0,inf,inf,inf,51559758.0,39452142.0,0.02857142857142857,0.02857142857142857,0.08571428571428572,,0.02857142857142857,,0.02857142857142857,0.05714285714285714,,0.11428571428571428,,0.05714285714285714,0.02857142857142857,0.02857142857142857,,0.05714285714285714,0.02857142857142857,0.02857142857142857,0.02857142857142857,,,0.05714285714285714,,0.02857142857142857,0.02857142857142857,,,,,,,,,0.02857142857142857,,,,,,,,,0.02857142857142857,,,,,,,,0.05714285714285714,,,,,0.05714285714285714,,,,,0.05714285714285714,,,,,0.02857142857142857,,0.02857142857142857,0.08571428571428572,,0.05714285714285714,0.02857142857142857,0.05714285714285714,0.02857142857142857,,0.02857142857142857,0.02857142857142857,0.05714285714285714,0.02857142857142857,0.02857142857142857,0.02857142857142857,0.05714285714285714,,,0.02857142857142857,,0.05714285714285714,0.02857142857142857,,0.02857142857142857,0.02857142857142857,0.02857142857142857,,,0.02857142857142857,,,,,0.02857142857142857,,,,,,,,0.05714285714285714,,,,,,,,,,,,,,0.05714285714285714,,,,,,,0.05714285714285714,,,,0.02857142857142857,,,,,,,,,,,,,,,,,,,,,,,,,,,,,,0.02857142857142857,0.02857142857142857,0.02857142857142857,,0.08571428571428572,0.05714285714285714,0.05714285714285714,,0.02857142857142857,0.02857142857142857,0.02857142857142857,0.05714285714285714,0.05714285714285714,0.02857142857142857,,0.02857142857142857,0.05714285714285714,,,0.02857142857142857,,,,0.02857142857142857,,,,,,,,,,,0.05714285714285714,,,,,,,,,,,0.02857142857142857,,,,,,,,,,,0.11428571428571428,,,,,,,,,,0.08571428571428572,,,,,,,0.02857142857142857,,,,,0.02857142857142857,,,0.05714285714285714,0.05714285714285714,0.02857142857142857,0.02857142857142857,0.02857142857142857,0.08571428571428572,,0.05714285714285714,,0.08571428571428572,,0.05714285714285714,0.02857142857142857,0.02857142857142857,,0.02857142857142857,,0.05714285714285714,,0.02857142857142857,,,,0.02857142857142857,,,,,,,,,,,0.08571428571428572,,,,,,,,,,,,,,,,,,,,,,0.02857142857142857,,,,,,,,0.11428571428571428,,,,,,,,0.02857142857142857,,,,0.05714285714285714,,,,,0.0005287609999982124
ants.edgelist,directed,k_neighbor,0.2,35,480,40,0.08333333333333333,True,True,inf,148.0,0.0,inf,inf,inf,51559758.0,10135378.0,0.02857142857142857,0.02857142857142857,0.08571428571428572,,0.02857142857142857,,0.02857142857142857,0.05714285714285714,,0.11428571428571428,,0.05714285714285714,0.02857142857142857,0.02857142857142857,,0.05714285714285714,0.02857142857142857,0.02857142857142857,0.02857142857142857,,,0.05714285714285714,,0.02857142857142857,0.02857142857142857,,,,,,,,,0.02857142857142857,,,,,,,,,0.02857142857142857,,,,,,,,0.05714285714285714,,,,,0.05714285714285714,,,,,0.05714285714285714,,,,,0.02857142857142857,,0.02857142857142857,0.08571428571428572,,0.05714285714285714,0.02857142857142857,0.05714285714285714,0.02857142857142857,,0.02857142857142857,0.02857142857142857,0.05714285714285714,0.02857142857142857,0.02857142857142857,0.02857142857142857,0.05714285714285714,,,0.02857142857142857,,0.05714285714285714,0.02857142857142857,,0.02857142857142857,0.02857142857142857,0.02857142857142857,,,0.02857142857142857,,,,,0.02857142857142857,,,,,,,,0.05714285714285714,,,,,,,,,,,,,,0.05714285714285714,,,,,,,0.05714285714285714,,,,0.02857142857142857,,,,0.14285714285714285,,,,,,,,,,,0.5714285714285714,,,,,,0.22857142857142856,,0.02857142857142857,,,0.02857142857142857,,,,,,,,,,,,,,,,,,,,,,,,,,,,,,,,,,,,,,,,,,,,,,,,,,,,,,,,,,,,,,,,,,,,,,,,,,,,,,,,,,,,,,,,,,,,,,,,,,,,,,,,,,,,,,,,,,,,,,,,,,,,,,,,,,,,,,,,,,,,,,,,,,,,,,,,,,,,,,,,,,,,,,0.0012434490000003962
ants.edgelist,directed,local_degree,0.2,35,480,35,0.07291666666666667,True,True,inf,inf,1.0,inf,inf,inf,51559758.0,2039374.0,0.02857142857142857,0.02857142857142857,0.08571428571428572,,0.02857142857142857,,0.02857142857142857,0.05714285714285714,,0.11428571428571428,,0.05714285714285714,0.02857142857142857,0.02857142857142857,,0.05714285714285714,0.02857142857142857,0.02857142857142857,0.02857142857142857,,,0.05714285714285714,,0.02857142857142857,0.02857142857142857,,,,,,,,,0.02857142857142857,,,,,,,,,0.02857142857142857,,,,,,,,0.05714285714285714,,,,,0.05714285714285714,,,,,0.05714285714285714,,,,,0.02857142857142857,,0.02857142857142857,0.08571428571428572,,0.05714285714285714,0.02857142857142857,0.05714285714285714,0.02857142857142857,,0.02857142857142857,0.02857142857142857,0.05714285714285714,0.02857142857142857,0.02857142857142857,0.02857142857142857,0.05714285714285714,,,0.02857142857142857,,0.05714285714285714,0.02857142857142857,,0.02857142857142857,0.02857142857142857,0.02857142857142857,,,0.02857142857142857,,,,,0.02857142857142857,,,,,,,,0.05714285714285714,,,,,,,,,,,,,,0.05714285714285714,,,,,,,0.05714285714285714,,,,0.02857142857142857,,,,,,,,,,,,,,,,,,,,,,,,,,,,,,0.8,0.05714285714285714,,,,,,,,,0.02857142857142857,,0.05714285714285714,,,,,,,,,,,,,,,,,,,,,,,,,,,,,,,,,0.02857142857142857,,,,,,,,,,,0.02857142857142857,,,,,,,,,,,,,,,,,,,,,,,,,0.02857142857142857,0.9428571428571428,,,,,,,,,,,0.02857142857142857,,,,,,,,,,,,,,,,,,,,,,,,,,,,,,,,,,,,,,,,,,,,,,,,,,,,,,,,,,,,,,,,,,,,,0.0005153780000028974
ants.edgelist,directed,mst,0.2,35,480,34,0.07083333333333333,True,True,inf,16.0,0.0,inf,inf,inf,51559758.0,380821.0,0.02857142857142857,0.02857142857142857,0.08571428571428572,,0.02857142857142857,,0.02857142857142857,0.05714285714285714,,0.11428571428571428,,0.05714285714285714,0.02857142857142857,0.02857142857142857,,0.05714285714285714,0.02857142857142857,0.02857142857142857,0.02857142857142857,,,0.05714285714285714,,0.02857142857142857,0.02857142857142857,,,,,,,,,0.02857142857142857,,,,,,,,,0.02857142857142857,,,,,,,,0.05714285714285714,,,,,0.05714285714285714,,,,,0.05714285714285714,,,,,0.02857142857142857,,0.02857142857142857,0.08571428571428572,,0.05714285714285714,0.02857142857142857,0.05714285714285714,0.02857142857142857,,0.02857142857142857,0.02857142857142857,0.05714285714285714,0.02857142857142857,0.02857142857142857,0.02857142857142857,0.05714285714285714,,,0.02857142857142857,,0.05714285714285714,0.02857142857142857,,0.02857142857142857,0.02857142857142857,0.02857142857142857,,,0.02857142857142857,,,,,0.02857142857142857,,,,,,,,0.05714285714285714,,,,,,,,,,,,,,0.05714285714285714,,,,,,,0.05714285714285714,,,,0.02857142857142857,,,,0.42857142857142855,,,,,,,,,,,0.34285714285714286,,,,,,0.17142857142857143,,,0.02857142857142857,0.02857142857142857,,,,,,,,,,,,,,,,,,,,,,,,,,,,,,,,,,,,,,,,,,,,,,,,,,,,,,,,,,,,,,,,,,,,,,,,,,,,,,,,,,,,,,,,,,,,,,,,,,,,,,,,,,,,,,,,,,,,,,,,,,,,,,,,,,,,,,,,,,,,,,,,,,,,,,,,,,,,,,,,,,,,,,,0.0018593570000007276
ants.edgelist,directed,t_spanner,0.2,35,480,112,0.23333333333333334,True,True,inf,inf,1.0,inf,inf,inf,51559758.0,920559.0,0.02857142857142857,0.02857142857142857,0.08571428571428572,,0.02857142857142857,,0.02857142857142857,0.05714285714285714,,0.11428571428571428,,0.05714285714285714,0.02857142857142857,0.02857142857142857,,0.05714285714285714,0.02857142857142857,0.02857142857142857,0.02857142857142857,,,0.05714285714285714,,0.02857142857142857,0.02857142857142857,,,,,,,,,0.02857142857142857,,,,,,,,,0.02857142857142857,,,,,,,,0.05714285714285714,,,,,0.05714285714285714,,,,,0.05714285714285714,,,,,0.02857142857142857,,0.02857142857142857,0.08571428571428572,,0.05714285714285714,0.02857142857142857,0.05714285714285714,0.02857142857142857,,0.02857142857142857,0.02857142857142857,0.05714285714285714,0.02857142857142857,0.02857142857142857,0.02857142857142857,0.05714285714285714,,,0.02857142857142857,,0.05714285714285714,0.02857142857142857,,0.02857142857142857,0.02857142857142857,0.02857142857142857,,,0.02857142857142857,,,,,0.02857142857142857,,,,,,,,0.05714285714285714,,,,,,,,,,,,,,0.05714285714285714,,,,,,,0.05714285714285714,,,,0.02857142857142857,,,,,,,,,,,,,,,,,,,,,,,,,,,,,,,0.08571428571428572,,,,,,,,,,,0.22857142857142856,,,,,,,,,,,0.4,,,,,,,,,,,0.14285714285714285,,,,,,,,,,,0.02857142857142857,,,,,,,,,,,0.08571428571428572,,,,,,,,,,,,,,,,,0.02857142857142857,,,,,,,,,0.08571428571428572,,,,,,,,,,,0.22857142857142856,,,,,,,,,,,0.4,,,,,,,,,,,0.14285714285714285,,,,,,,,,,,0.02857142857142857,,,,,,,,,,,0.08571428571428572,,,,,,,,,,,,,,,,0.02857142857142857,,,,,,,,,0.014493760999997107
eco.edgelist,directed,original,0.2,54,356,,1.0,True,True,inf,inf,1.0,inf,inf,inf,147800185.94598138,147800185.94598138,0.018518518518518517,0.12962962962962962,0.037037037037037035,0.05555555555555555,,0.018518518518518517,,,,,,,0.07407407407407407,,,,,,,,,,,0.1111111111111111,,,,,,,,0.018518518518518517,,0.14814814814814814,,,,,,,0.018518518518518517,,0.14814814814814814,,,,,,,,0.018518518518518517,,,,,0.018518518518518517,,,,,0.07407407407407407,,,,,0.1111111111111111,,0.037037037037037035,,0.07407407407407407,0.07407407407407407,0.037037037037037035,,0.037037037037037035,0.018518518518518517,,0.018518518518518517,0.018518518518518517,,0.18518518518518517,,,,,,,,0.018518518518518517,,,0.16666666666666666,,,,,,,,,0.05555555555555555,,,,,,,,0.12962962962962962,,,,,,,,0.05555555555555555,,,,,,0.037037037037037035,,,,,,,0.018518518518518517,,,,0.018518518518518517,,,,,,,,,,,,,,,,,,,,,,,,,,,,,,0.018518518518518517,0.12962962962962962,0.037037037037037035,0.05555555555555555,,0.018518518518518517,,,,,,,0.07407407407407407,,,,,,,,,,,0.1111111111111111,,,,,,,,,0.018518518518518517,,0.14814814814814814,,,,,,,,,0.018518518518518517,,0.14814814814814814,,,,,,,,,,,0.018518518518518517,,,,,,,,,,0.018518518518518517,,,,,,,0.07407407407407407,,,,,0.1111111111111111,,,0.037037037037037035,,0.07407407407407407,0.07407407407407407,0.037037037037037035,,0.037037037037037035,0.018518518518518517,,0.018518518518518517,0.018518518518518517,,0.18518518518518517,,,,,,,,0.018518518518518517,,,0.16666666666666666,,,,,,,,,,,0.05555555555555555,,,,,,,,,,,0.12962962962962962,,,,,,,,,,,0.05555555555555555,,,,,,,,0.037037037037037035,,,,,,,,0.018518518518518517,,,,0.018518518518518517,,,,,
eco.edgelist,directed,kols,0.2,54,356,71,0.199438202247191,True,False,inf,inf,1.0,inf,inf,inf,147800185.94598138,30837269.281959407,0.018518518518518517,0.12962962962962962,0.037037037037037035,0.05555555555555555,,0.018518518518518517,,,,,,,0.07407407407407407,,,,,,,,,,,0.1111111111111111,,,,,,,,0.018518518518518517,,0.14814814814814814,,,,,,,0.018518518518518517,,0.14814814814814814,,,,,,,,0.018518518518518517,,,,,0.018518518518518517,,,,,0.07407407407407407,,,,,0.1111111111111111,,0.037037037037037035,,0.07407407407407407,0.07407407407407407,0.037037037037037035,,0.037037037037037035,0.018518518518518517,,0.018518518518518517,0.018518518518518517,,0.18518518518518517,,,,,,,,0.018518518518518517,,,0.16666666666666666,,,,,,,,,0.05555555555555555,,,,,,,,0.12962962962962962,,,,,,,,0.05555555555555555,,,,,,0.037037037037037035,,,,,,,0.018518518518518517,,,,0.018518518518518517,,,,,,,,,,,,,,,,,,,,,,,,,,,,,,0.5,0.3333333333333333,,0.018518518518518517,,,,,0.018518518518518517,,,,0.037037037037037035,,,,,,,,,,,0.037037037037037035,,,,,,,,,,,,,,,,,,,,,,0.037037037037037035,,,,,,,,,,,0.018518518518518517,,,,,,,,,,,,,,,,,,,,,,,,,0.6851851851851852,,0.018518518518518517,,0.018518518518518517,,,,,,,,0.1111111111111111,,,,,,,,,,,0.07407407407407407,,,,,,,,,,,0.018518518518518517,,,,,,,,,,,0.05555555555555555,,,,,,,,,,,0.018518518518518517,,,,,,,,,,,,,,,,,,,,,,,,,0.0006166560000053778
eco.edgelist,directed,random,0.2,54,356,282,0.7921348314606742,True,True,inf,inf,1.0,inf,inf,inf,147800185.94598138,119799690.62918745,0.018518518518518517,0.12962962962962962,0.037037037037037035,0.05555555555555555,,0.018518518518518517,,,,,,,0.07407407407407407,,,,,,,,,,,0.1111111111111111,,,,,,,,0.018518518518518517,,0.14814814814814814,,,,,,,0.018518518518518517,,0.14814814814814814,,,,,,,,0.018518518518518517,,,,,0.018518518518518517,,,,,0.07407407407407407,,,,,0.1111111111111111,,0.037037037037037035,,0.07407407407407407,0.07407407407407407,0.037037037037037035,,0.037037037037037035,0.018518518518518517,,0.018518518518518517,0.018518518518518517,,0.18518518518518517,,,,,,,,0.018518518518518517,,,0.16666666666666666,,,,,,,,,0.05555555555555555,,,,,,,,0.12962962962962962,,,,,,,,0.05555555555555555,,,,,,0.037037037037037035,,,,,,,0.018518518518518517,,,,0.018518518518518517,,,,,,,,,,,,,,,,,,,,,,,,,,,,,,0.05555555555555555,0.18518518518518517,,0.018518518518518517,,,,,,,,,0.07407407407407407,,,,,,,,,,0.018518518518518517,0.16666666666666666,,,,,,,,,,,0.14814814814814814,0.018518518518518517,,,,,,,,,,0.037037037037037035,,,,,,,,,,,0.05555555555555555,,,,,,,,,,0.05555555555555555,,,,,,,0.09259259259259259,,,,,0.07407407407407407,,,0.037037037037037035,0.09259259259259259,0.07407407407407407,0.018518518518518517,0.018518518518518517,0.018518518518518517,0.018518518518518517,,,,,,0.18518518518518517,,,,,0.018518518518518517,,,,,,0.14814814814814814,,,,,,,,,,,0.1111111111111111,,,,,,,,,,,0.07407407407407407,,,,,,,,,,,0.05555555555555555,,,,,,,,0.05555555555555555,,,,,,,,,,,,0.07407407407407407,,,,,0.0004947120000053928
eco.edgelist,directed,k_neighbor,0.2,54,356,52,0.14606741573033707,True,False,inf,inf,0.1069182389937107,inf,inf,inf,147800185.94598138,51695172.89996964,0.018518518518518517,0.12962962962962962,0.037037037037037035,0.05555555555555555,,0.018518518518518517,,,,,,,0.07407407407407407,,,,,,,,,,,0.1111111111111111,,,,,,,,0.018518518518518517,,0.14814814814814814,,,,,,,0.018518518518518517,,0.14814814814814814,,,,,,,,0.018518518518518517,,,,,0.018518518518518517,,,,,0.07407407407407407,,,,,0.1111111111111111,,0.037037037037037035,,0.07407407407407407,0.07407407407407407,0.037037037037037035,,0.037037037037037035,0.018518518518518517,,0.018518518518518517,0.018518518518518517,,0.18518518518518517,,,,,,,,0.018518518518518517,,,0.16666666666666666,,,,,,,,,0.05555555555555555,,,,,,,,0.12962962962962962,,,,,,,,0.05555555555555555,,,,,,0.037037037037037035,,,,,,,0.018518518518518517,,,,0.018518518518518517,,,,0.7222222222222222,0.018518518518518517,,,,,0.018518518518518517,,,,,0.12962962962962962,,,,,,0.05555555555555555,,0.018518518518518517,,0.018518518518518517,0.018518518518518517,,,,,,,,,,,,,,,,,,,,,,,,,,,,,,,,,,,,,,,,,,,,,,,,,,,,,,,,,,,,,,,,,,,,,,,,,,,,,,,,,,,,,,,,,,,,,,,,,,,,,,,,,,,,,,,,,,,,,,,,,,,,,,,,,,,,,,,,,,,,,,,,,,,,,,,,,,,,,,,,,,,,,,0.0010955970000026127
eco.edgelist,directed,local_degree,0.2,54,356,52,0.14606741573033707,True,False,inf,inf,1.0,inf,inf,inf,147800185.94598138,35061321.20484325,0.018518518518518517,0.12962962962962962,0.037037037037037035,0.05555555555555555,,0.018518518518518517,,,,,,,0.07407407407407407,,,,,,,,,,,0.1111111111111111,,,,,,,,0.018518518518518517,,0.14814814814814814,,,,,,,0.018518518518518517,,0.14814814814814814,,,,,,,,0.018518518518518517,,,,,0.018518518518518517,,,,,0.07407407407407407,,,,,0.1111111111111111,,0.037037037037037035,,0.07407407407407407,0.07407407407407407,0.037037037037037035,,0.037037037037037035,0.018518518518518517,,0.018518518518518517,0.018518518518518517,,0.18518518518518517,,,,,,,,0.018518518518518517,,,0.16666666666666666,,,,,,,,,0.05555555555555555,,,,,,,,0.12962962962962962,,,,,,,,0.05555555555555555,,,,,,0.037037037037037035,,,,,,,0.018518518518518517,,,,0.018518518518518517,,,,,,,,,,,,,,,,,,,,,,,,,,,,,,0.9074074074074074,0.07407407407407407,,,,,,,,,,,,,,,,,,,,,,,,,,,,,,,,,,,,,,,,,,0.018518518518518517,,,,,,,,,,,,,,,,,,,,,,,,,,,,,,,,,,,,,,0.037037037037037035,0.9629629629629629,,,,,,,,,,,,,,,,,,,,,,,,,,,,,,,,,,,,,,,,,,,,,,,,,,,,,,,,,,,,,,,,,,,,,,,,,,,,,,,,0.0004640929999908394
eco.edgelist,directed,mst,0.2,54,356,53,0.14887640449438203,True,True,inf,0.7849999000000001,0.0,inf,inf,inf,147800185.94598138,123696.60066288705,0.018518518518518517,0.12962962962962962,0.037037037037037035,0.05555555555555555,,0.018518518518518517,,,,,,,0.07407407407407407,,,,,,,,,,,0.1111111111111111,,,,,,,,0.018518518518518517,,0.14814814814814814,,,,,,,0.018518518518518517,,0.14814814814814814,,,,,,,,0.018518518518518517,,,,,0.018518518518518517,,,,,0.07407407407407407,,,,,0.1111111111111111,,0.037037037037037035,,0.07407407407407407,0.07407407407407407,0.037037037037037035,,0.037037037037037035,0.018518518518518517,,0.018518518518518517,0.018518518518518517,,0.18518518518518517,,,,,,,,0.018518518518518517,,,0.16666666666666666,,,,,,,,,0.05555555555555555,,,,,,,,0.12962962962962962,,,,,,,,0.05555555555555555,,,,,,0.037037037037037035,,,,,,,0.018518518518518517,,,,0.018518518518518517,,,,0.5740740740740741,,,,,,,,,,,0.2037037037037037,,,,,,0.09259259259259259,,0.05555555555555555,0.037037037037037035,,0.018518518518518517,,0.018518518518518517,,,,,,,,,,,,,,,,,,,,,,,,,,,,,,,,,,,,,,,,,,,,,,,,,,,,,,,,,,,,,,,,,,,,,,,,,,,,,,,,,,,,,,,,,,,,,,,,,,,,,,,,,,,,,,,,,,,,,,,,,,,,,,,,,,,,,,,,,,,,,,,,,,,,,,,,,,,,,,,,,,,,0.0010117719999982455
eco.edgelist,directed,t_spanner,0.2,54,356,112,0.3146067415730337,True,True,inf,inf,1.0,inf,inf,inf,147800185.94598138,123988.7447222634,0.018518518518518517,0.12962962962962962,0.037037037037037035,0.05555555555555555,,0.018518518518518517,,,,,,,0.07407407407407407,,,,,,,,,,,0.1111111111111111,,,,,,,,0.018518518518518517,,0.14814814814814814,,,,,,,0.018518518518518517,,0.14814814814814814,,,,,,,,0.018518518518518517,,,,,0.018518518518518517,,,,,0.07407407407407407,,,,,0.1111111111111111,,0.037037037037037035,,0.07407407407407407,0.07407407407407407,0.037037037037037035,,0.037037037037037035,0.018518518518518517,,0.018518518518518517,0.018518518518518517,,0.18518518518518517,,,,,,,,0.018518518518518517,,,0.16666666666666666,,,,,,,,,0.05555555555555555,,,,,,,,0.12962962962962962,,,,,,,,0.05555555555555555,,,,,,0.037037037037037035,,,,,,,0.018518518518518517,,,,0.018518518518518517,,,,,,,,,,,,,,,,,,,,,,,,,,,,,,,0.5370370370370371,0.018518518518518517,,,,,,,,,,0.2222222222222222,,,,,,,,,,,0.09259259259259259,,,,,,,,,,,0.05555555555555555,,,,,,,,,,,0.05555555555555555,,,,,,,,,,,,,,,,,,,,,0.018518518518518517,,,,,,,,,,,,,,,,0.5370370370370371,0.018518518518518517,,,,,,,,,,0.2222222222222222,,,,,,,,,,,0.09259259259259259,,,,,,,,,,,0.05555555555555555,,,,,,,,,,,0.05555555555555555,,,,,,,,,,,,,,,,,,,0.018518518518518517,,,,,,,,,,,,,,,,,0.010156274999999937
mammals.edgelist,directed,original,0.2,1686,4751,,1.0,False,False,inf,inf,1.0,inf,inf,inf,4081063.0,4081063.0,0.21826809015421114,0.22004744958481615,0.010676156583629894,0.00771055753262159,0.005338078291814947,0.005338078291814947,0.0029655990510083037,0.0017793594306049821,0.0011862396204033216,0.0017793594306049821,0.0011862396204033216,0.002372479240806643,0.16251482799525505,0.0011862396204033216,,0.0005931198102016608,,0.0005931198102016608,,,0.0005931198102016608,,,0.11506524317912219,,,0.0005931198102016608,,,,0.0005931198102016608,,,0.08362989323843416,,,,,,,,,0.05812574139976275,,,,,,,,0.04033214709371293,,,,,0.027876631079478055,,,,,0.018386714116251483,,,,,0.011269276393831554,,0.2069988137603796,0.22953736654804271,0.010676156583629894,0.00771055753262159,0.0071174377224199285,0.0035587188612099642,0.004151838671411625,0.0017793594306049821,0.0017793594306049821,0.0017793594306049821,0.0017793594306049821,0.0011862396204033216,0.16132858837485173,0.0017793594306049821,,,0.0005931198102016608,0.0005931198102016608,0.0005931198102016608,,,,,0.1221826809015421,,,,,,,,,0.0771055753262159,,,,,,,,0.06227758007117438,,,,,,,,0.03558718861209965,,,,,,0.027876631079478055,,,,,,,0.01720047449584816,,,,0.01482799525504152,,,,,,,,,,,,,,,,,,,,,,,,,,,,,,0.21826809015421114,0.22004744958481615,0.010676156583629894,0.00771055753262159,0.005338078291814947,0.005338078291814947,0.0029655990510083037,0.0017793594306049821,0.0011862396204033216,0.0017793594306049821,0.0011862396204033216,0.002372479240806643,0.16251482799525505,0.0011862396204033216,,0.0005931198102016608,,0.0005931198102016608,,,0.0005931198102016608,,,0.11506524317912219,,,0.0005931198102016608,,,,,0.0005931198102016608,,,0.08362989323843416,,,,,,,,,,,0.05812574139976275,,,,,,,,,,,0.04033214709371293,,,,,,,,,,0.027876631079478055,,,,,,,0.018386714116251483,,,,,0.011269276393831554,,,0.2069988137603796,0.22953736654804271,0.010676156583629894,0.00771055753262159,0.0071174377224199285,0.0035587188612099642,0.004151838671411625,0.0017793594306049821,0.0017793594306049821,0.0017793594306049821,0.0017793594306049821,0.0011862396204033216,0.16132858837485173,0.0017793594306049821,,,0.0005931198102016608,0.0005931198102016608,0.0005931198102016608,,,,,0.1221826809015421,,,,,,,,,,,0.0771055753262159,,,,,,,,,,,0.06227758007117438,,,,,,,,,,,0.03558718861209965,,,,,,,,0.027876631079478055,,,,,,,,0.01720047449584816,,,,0.01482799525504152,,,,,
mammals.edgelist,directed,kols,0.2,1686,4751,950,0.19995790359924226,False,False,inf,inf,1.0,inf,inf,inf,4081063.0,343668.0,0.21826809015421114,0.22004744958481615,0.010676156583629894,0.00771055753262159,0.005338078291814947,0.005338078291814947,0.0029655990510083037,0.0017793594306049821,0.0011862396204033216,0.0017793594306049821,0.0011862396204033216,0.002372479240806643,0.16251482799525505,0.0011862396204033216,,0.0005931198102016608,,0.0005931198102016608,,,0.0005931198102016608,,,0.11506524317912219,,,0.0005931198102016608,,,,0.0005931198102016608,,,0.08362989323843416,,,,,,,,,0.05812574139976275,,,,,,,,0.04033214709371293,,,,,0.027876631079478055,,,,,0.018386714116251483,,,,,0.011269276393831554,,0.2069988137603796,0.22953736654804271,0.010676156583629894,0.00771055753262159,0.0071174377224199285,0.0035587188612099642,0.004151838671411625,0.0017793594306049821,0.0017793594306049821,0.0017793594306049821,0.0017793594306049821,0.0011862396204033216,0.16132858837485173,0.0017793594306049821,,,0.0005931198102016608,0.0005931198102016608,0.0005931198102016608,,,,,0.1221826809015421,,,,,,,,,0.0771055753262159,,,,,,,,0.06227758007117438,,,,,,,,0.03558718861209965,,,,,,0.027876631079478055,,,,,,,0.01720047449584816,,,,0.01482799525504152,,,,,,,,,,,,,,,,,,,,,,,,,,,,,,0.7437722419928826,0.12752075919335706,0.0011862396204033216,,,0.0005931198102016608,,,,,,0.0005931198102016608,0.05575326215895611,,,,,,,,,,,0.030249110320284697,,,,,,,,,,,0.020166073546856466,,,,,,,,,,,0.00830367734282325,,,,,,,,,,,0.005338078291814947,,,,,,,,,,0.004151838671411625,,,,,,,0.0017793594306049821,,,,,0.0005931198102016608,,,0.8600237247924081,0.03855278766310795,0.002372479240806643,0.0005931198102016608,0.0029655990510083037,0.0005931198102016608,0.0011862396204033216,0.0011862396204033216,0.0005931198102016608,,0.0005931198102016608,,0.028469750889679714,0.0005931198102016608,,,0.0005931198102016608,,,,,,,0.01720047449584816,,,,,,,,,,,0.011269276393831554,,,,,,,,,,,0.011862396204033215,,,,,,,,,,,0.0071174377224199285,,,,,,,,0.004151838671411625,,,,,,,,0.004151838671411625,,,,0.005931198102016607,,,,,0.006678321999999071
mammals.edgelist,directed,random,0.2,1686,4751,3844,0.8090928225636708,False,False,inf,inf,1.0,inf,inf,inf,4081063.0,3764709.0,0.21826809015421114,0.22004744958481615,0.010676156583629894,0.00771055753262159,0.005338078291814947,0.005338078291814947,0.0029655990510083037,0.0017793594306049821,0.0011862396204033216,0.0017793594306049821,0.0011862396204033216,0.002372479240806643,0.16251482799525505,0.0011862396204033216,,0.0005931198102016608,,0.0005931198102016608,,,0.0005931198102016608,,,0.11506524317912219,,,0.0005931198102016608,,,,0.0005931198102016608,,,0.08362989323843416,,,,,,,,,0.05812574139976275,,,,,,,,0.04033214709371293,,,,,0.027876631079478055,,,,,0.018386714116251483,,,,,0.011269276393831554,,0.2069988137603796,0.22953736654804271,0.010676156583629894,0.00771055753262159,0.0071174377224199285,0.0035587188612099642,0.004151838671411625,0.0017793594306049821,0.0017793594306049821,0.0017793594306049821,0.0017793594306049821,0.0011862396204033216,0.16132858837485173,0.0017793594306049821,,,0.0005931198102016608,0.0005931198102016608,0.0005931198102016608,,,,,0.1221826809015421,,,,,,,,,0.0771055753262159,,,,,,,,0.06227758007117438,,,,,,,,0.03558718861209965,,,,,,0.027876631079478055,,,,,,,0.01720047449584816,,,,0.01482799525504152,,,,,,,,,,,,,,,,,,,,,,,,,,,,,,0.2615658362989324,0.2479240806642942,0.0035587188612099642,0.005338078291814947,0.0035587188612099642,0.0035587188612099642,0.0029655990510083037,0.0017793594306049821,0.0011862396204033216,0.0017793594306049821,,,0.16903914590747332,,,0.0005931198102016608,,,,0.0005931198102016608,,,0.0005931198102016608,0.10616844602609728,,,,,,,,,,,0.06998813760379596,,,,,,,,,,,0.04448398576512456,,,,,,,,,,,0.03262158956109134,,,,,,,,,,0.018979833926453145,,,,,,,0.01542111506524318,,,,,0.00830367734282325,,,0.2597864768683274,0.24555160142348753,0.005931198102016607,0.0029655990510083037,0.005338078291814947,0.0005931198102016608,0.004151838671411625,0.0017793594306049821,0.0005931198102016608,0.0005931198102016608,0.0017793594306049821,0.0005931198102016608,0.166073546856465,0.0005931198102016608,,,,,,,,,,0.11506524317912219,,,,,,,,,,,0.06583629893238434,,,,,,,,,,,0.046263345195729534,,,,,,,,,,,0.028469750889679714,,,,,,,,0.023131672597864767,,,,,,,,0.017793594306049824,,,,0.0071174377224199285,,,,,0.006458819000002336
mammals.edgelist,directed,k_neighbor,0.2,1686,4751,1522,0.32035360976636496,False,False,inf,inf,0.9807772861512685,inf,inf,inf,4081063.0,3632358.0,0.21826809015421114,0.22004744958481615,0.010676156583629894,0.00771055753262159,0.005338078291814947,0.005338078291814947,0.0029655990510083037,0.0017793594306049821,0.0011862396204033216,0.0017793594306049821,0.0011862396204033216,0.002372479240806643,0.16251482799525505,0.0011862396204033216,,0.0005931198102016608,,0.0005931198102016608,,,0.0005931198102016608,,,0.11506524317912219,,,0.0005931198102016608,,,,0.0005931198102016608,,,0.08362989323843416,,,,,,,,,0.05812574139976275,,,,,,,,0.04033214709371293,,,,,0.027876631079478055,,,,,0.018386714116251483,,,,,0.011269276393831554,,0.2069988137603796,0.22953736654804271,0.010676156583629894,0.00771055753262159,0.0071174377224199285,0.0035587188612099642,0.004151838671411625,0.0017793594306049821,0.0017793594306049821,0.0017793594306049821,0.0017793594306049821,0.0011862396204033216,0.16132858837485173,0.0017793594306049821,,,0.0005931198102016608,0.0005931198102016608,0.0005931198102016608,,,,,0.1221826809015421,,,,,,,,,0.0771055753262159,,,,,,,,0.06227758007117438,,,,,,,,0.03558718861209965,,,,,,0.027876631079478055,,,,,,,0.01720047449584816,,,,0.01482799525504152,,,,0.5427046263345195,0.0005931198102016608,0.0005931198102016608,,,,,,,,,0.2752075919335706,,,,,,0.09430604982206406,,0.042111506524317915,0.027876631079478055,0.009489916963226572,0.004744958481613286,0.002372479240806643,,,,,,,,,,,,,,,,,,,,,,,,,,,,,,,,,,,,,,,,,,,,,,,,,,,,,,,,,,,,,,,,,,,,,,,,,,,,,,,,,,,,,,,,,,,,,,,,,,,,,,,,,,,,,,,,,,,,,,,,,,,,,,,,,,,,,,,,,,,,,,,,,,,,,,,,,,,,,,,,,,,,,0.019903287999994745
mammals.edgelist,directed,local_degree,0.2,1686,4751,1337,0.2814144390654599,False,False,inf,inf,1.0,inf,inf,inf,4081063.0,477497.0,0.21826809015421114,0.22004744958481615,0.010676156583629894,0.00771055753262159,0.005338078291814947,0.005338078291814947,0.0029655990510083037,0.0017793594306049821,0.0011862396204033216,0.0017793594306049821,0.0011862396204033216,0.002372479240806643,0.16251482799525505,0.0011862396204033216,,0.0005931198102016608,,0.0005931198102016608,,,0.0005931198102016608,,,0.11506524317912219,,,0.0005931198102016608,,,,0.0005931198102016608,,,0.08362989323843416,,,,,,,,,0.05812574139976275,,,,,,,,0.04033214709371293,,,,,0.027876631079478055,,,,,0.018386714116251483,,,,,0.011269276393831554,,0.2069988137603796,0.22953736654804271,0.010676156583629894,0.00771055753262159,0.0071174377224199285,0.0035587188612099642,0.004151838671411625,0.0017793594306049821,0.0017793594306049821,0.0017793594306049821,0.0017793594306049821,0.0011862396204033216,0.16132858837485173,0.0017793594306049821,,,0.0005931198102016608,0.0005931198102016608,0.0005931198102016608,,,,,0.1221826809015421,,,,,,,,,0.0771055753262159,,,,,,,,0.06227758007117438,,,,,,,,0.03558718861209965,,,,,,0.027876631079478055,,,,,,,0.01720047449584816,,,,0.01482799525504152,,,,,,,,,,,,,,,,,,,,,,,,,,,,,,0.701067615658363,0.16251482799525505,0.0017793594306049821,0.0011862396204033216,0.0017793594306049821,0.0011862396204033216,0.0005931198102016608,0.0011862396204033216,0.0011862396204033216,0.0005931198102016608,0.0005931198102016608,,0.059905100830367736,0.0011862396204033216,0.0005931198102016608,,,,,,,,,0.020759193357058125,,,0.0005931198102016608,,,,,0.0005931198102016608,,,0.010676156583629894,,,,,,,,,,,0.013641755634638196,,,,,,,,,,,0.008896797153024912,,,,,,,,,,0.0035587188612099642,,,,,,,0.004744958481613286,,,,,0.0011862396204033216,,,0.2069988137603796,0.7930011862396203,,,,,,,,,,,,,,,,,,,,,,,,,,,,,,,,,,,,,,,,,,,,,,,,,,,,,,,,,,,,,,,,,,,,,,,,,,,,,,,,0.011044884000000366
mammals.edgelist,directed,mst,0.2,1686,4751,1655,0.3483477162702589,False,False,inf,inf,0.08469117289882468,inf,inf,inf,4081063.0,721757.0,0.21826809015421114,0.22004744958481615,0.010676156583629894,0.00771055753262159,0.005338078291814947,0.005338078291814947,0.0029655990510083037,0.0017793594306049821,0.0011862396204033216,0.0017793594306049821,0.0011862396204033216,0.002372479240806643,0.16251482799525505,0.0011862396204033216,,0.0005931198102016608,,0.0005931198102016608,,,0.0005931198102016608,,,0.11506524317912219,,,0.0005931198102016608,,,,0.0005931198102016608,,,0.08362989323843416,,,,,,,,,0.05812574139976275,,,,,,,,0.04033214709371293,,,,,0.027876631079478055,,,,,0.018386714116251483,,,,,0.011269276393831554,,0.2069988137603796,0.22953736654804271,0.010676156583629894,0.00771055753262159,0.0071174377224199285,0.0035587188612099642,0.004151838671411625,0.0017793594306049821,0.0017793594306049821,0.0017793594306049821,0.0017793594306049821,0.0011862396204033216,0.16132858837485173,0.0017793594306049821,,,0.0005931198102016608,0.0005931198102016608,0.0005931198102016608,,,,,0.1221826809015421,,,,,,,,,0.0771055753262159,,,,,,,,0.06227758007117438,,,,,,,,0.03558718861209965,,,,,,0.027876631079478055,,,,,,,0.01720047449584816,,,,0.01482799525504152,,,,0.6903914590747331,0.0029655990510083037,0.002372479240806643,0.0011862396204033216,0.002372479240806643,0.0035587188612099642,0.0029655990510083037,0.0017793594306049821,0.0005931198102016608,0.0011862396204033216,0.0011862396204033216,0.1387900355871886,0.0005931198102016608,0.0005931198102016608,0.0005931198102016608,,0.0005931198102016608,0.0634638196915777,,0.026690391459074734,0.022538552787663108,0.014234875444839857,0.00771055753262159,0.00830367734282325,0.005338078291814947,,,,,,,,,,,,,,,,,,,,,,,,,,,,,,,,,,,,,,,,,,,,,,,,,,,,,,,,,,,,,,,,,,,,,,,,,,,,,,,,,,,,,,,,,,,,,,,,,,,,,,,,,,,,,,,,,,,,,,,,,,,,,,,,,,,,,,,,,,,,,,,,,,,,,,,,,,,,,,,,,,,,0.016837477000009926
mammals.edgelist,directed,t_spanner,0.2,1686,4751,5744,1.2090086297621554,False,False,inf,inf,1.0,inf,inf,inf,4081063.0,860477.0,0.21826809015421114,0.22004744958481615,0.010676156583629894,0.00771055753262159,0.005338078291814947,0.005338078291814947,0.0029655990510083037,0.0017793594306049821,0.0011862396204033216,0.0017793594306049821,0.0011862396204033216,0.002372479240806643,0.16251482799525505,0.0011862396204033216,,0.0005931198102016608,,0.0005931198102016608,,,0.0005931198102016608,,,0.11506524317912219,,,0.0005931198102016608,,,,0.0005931198102016608,,,0.08362989323843416,,,,,,,,,0.05812574139976275,,,,,,,,0.04033214709371293,,,,,0.027876631079478055,,,,,0.018386714116251483,,,,,0.011269276393831554,,0.2069988137603796,0.22953736654804271,0.010676156583629894,0.00771055753262159,0.0071174377224199285,0.0035587188612099642,0.004151838671411625,0.0017793594306049821,0.0017793594306049821,0.0017793594306049821,0.0017793594306049821,0.0011862396204033216,0.16132858837485173,0.0017793594306049821,,,0.0005931198102016608,0.0005931198102016608,0.0005931198102016608,,,,,0.1221826809015421,,,,,,,,,0.0771055753262159,,,,,,,,0.06227758007117438,,,,,,,,0.03558718861209965,,,,,,0.027876631079478055,,,,,,,0.01720047449584816,,,,0.01482799525504152,,,,,,,,,,,,,,,,,,,,,,,,,,,,,,,0.3386714116251483,0.00830367734282325,0.011269276393831554,0.0071174377224199285,0.004151838671411625,0.004151838671411625,0.0029655990510083037,0.0029655990510083037,0.0029655990510083037,0.0029655990510083037,0.0017793594306049821,0.2129300118623962,0.0005931198102016608,0.0005931198102016608,0.002372479240806643,0.0005931198102016608,0.0017793594306049821,0.0005931198102016608,0.0011862396204033216,0.0005931198102016608,,,0.1417556346381969,,0.0005931198102016608,0.0005931198102016608,,,,,,,,0.08362989323843416,,,,,,,,,,,0.066429418742586,,,,,,,,,,,0.04389086595492289,,,,,,,,,,0.027283511269276393,,,,,,,0.01542111506524318,,,,,0.011862396204033215,,,,0.3386714116251483,0.00830367734282325,0.011269276393831554,0.0071174377224199285,0.004151838671411625,0.004151838671411625,0.0029655990510083037,0.0029655990510083037,0.0029655990510083037,0.0029655990510083037,0.0017793594306049821,0.2129300118623962,0.0005931198102016608,0.0005931198102016608,0.002372479240806643,0.0005931198102016608,0.0017793594306049821,0.0005931198102016608,0.0011862396204033216,0.0005931198102016608,,,0.1417556346381969,,0.0005931198102016608,0.0005931198102016608,,,,,,,,0.08362989323843416,,,,,,,,,,,0.066429418742586,,,,,,,,,,,0.04389086595492289,,,,,,,,0.027283511269276393,,,,,,,,0.01542111506524318,,,,0.011862396204033215,,,,,1.793901715000004
songbirds.edgelist,directed,original,0.2,110,1027,,1.0,False,False,inf,inf,1.0,inf,inf,inf,1.7980439319767096,1.7980439319767096,0.09090909090909091,0.08181818181818182,0.02727272727272727,0.02727272727272727,0.045454545454545456,0.01818181818181818,0.03636363636363636,0.045454545454545456,0.00909090909090909,0.01818181818181818,0.03636363636363636,0.00909090909090909,0.08181818181818182,0.01818181818181818,,0.01818181818181818,0.01818181818181818,,,,0.00909090909090909,0.00909090909090909,0.02727272727272727,0.01818181818181818,,,,,,0.01818181818181818,,,,0.07272727272727272,,,,,,,,,0.05454545454545454,,,,,,,,0.07272727272727272,,,,,0.06363636363636363,,,,,0.01818181818181818,,,,,0.05454545454545454,,0.14545454545454545,0.1,0.01818181818181818,,,0.01818181818181818,0.05454545454545454,0.01818181818181818,0.02727272727272727,0.01818181818181818,0.01818181818181818,0.00909090909090909,0.10909090909090909,0.00909090909090909,0.00909090909090909,0.00909090909090909,0.02727272727272727,0.01818181818181818,0.00909090909090909,0.00909090909090909,0.00909090909090909,0.00909090909090909,,0.045454545454545456,,,,0.00909090909090909,,,,0.00909090909090909,0.08181818181818182,0.00909090909090909,,,0.00909090909090909,,,0.00909090909090909,0.00909090909090909,,,,,,,,0.02727272727272727,,,,,,0.02727272727272727,,,,,,,0.045454545454545456,,,,0.07272727272727272,,,,,,,,,,,,,,,,,,,,,,,,,,,,,,0.09090909090909091,0.08181818181818182,0.02727272727272727,0.02727272727272727,0.045454545454545456,0.01818181818181818,0.03636363636363636,0.045454545454545456,0.00909090909090909,0.01818181818181818,0.03636363636363636,0.00909090909090909,0.08181818181818182,0.01818181818181818,,0.01818181818181818,0.01818181818181818,,,,0.00909090909090909,0.00909090909090909,0.02727272727272727,0.01818181818181818,,,,,,,0.01818181818181818,,,,0.07272727272727272,,,,,,,,,,,0.05454545454545454,,,,,,,,,,,0.07272727272727272,,,,,,,,,,0.06363636363636363,,,,,,,0.01818181818181818,,,,,0.05454545454545454,,,0.14545454545454545,0.1,0.01818181818181818,,,0.01818181818181818,0.05454545454545454,0.01818181818181818,0.02727272727272727,0.01818181818181818,0.01818181818181818,0.00909090909090909,0.10909090909090909,0.00909090909090909,0.00909090909090909,0.00909090909090909,0.02727272727272727,0.01818181818181818,0.00909090909090909,0.00909090909090909,0.00909090909090909,0.00909090909090909,,0.045454545454545456,,,,0.00909090909090909,,,,,,0.00909090909090909,0.08181818181818182,0.00909090909090909,,,0.00909090909090909,,,,0.00909090909090909,,,0.00909090909090909,,,,,,,,,,,0.02727272727272727,,,,,,,,0.02727272727272727,,,,,,,,0.045454545454545456,,,,0.07272727272727272,,,,,
songbirds.edgelist,directed,kols,0.2,110,1027,205,0.19961051606621227,False,False,inf,inf,1.0,inf,inf,inf,1.7980439319767096,0.0,0.09090909090909091,0.08181818181818182,0.02727272727272727,0.02727272727272727,0.045454545454545456,0.01818181818181818,0.03636363636363636,0.045454545454545456,0.00909090909090909,0.01818181818181818,0.03636363636363636,0.00909090909090909,0.08181818181818182,0.01818181818181818,,0.01818181818181818,0.01818181818181818,,,,0.00909090909090909,0.00909090909090909,0.02727272727272727,0.01818181818181818,,,,,,0.01818181818181818,,,,0.07272727272727272,,,,,,,,,0.05454545454545454,,,,,,,,0.07272727272727272,,,,,0.06363636363636363,,,,,0.01818181818181818,,,,,0.05454545454545454,,0.14545454545454545,0.1,0.01818181818181818,,,0.01818181818181818,0.05454545454545454,0.01818181818181818,0.02727272727272727,0.01818181818181818,0.01818181818181818,0.00909090909090909,0.10909090909090909,0.00909090909090909,0.00909090909090909,0.00909090909090909,0.02727272727272727,0.01818181818181818,0.00909090909090909,0.00909090909090909,0.00909090909090909,0.00909090909090909,,0.045454545454545456,,,,0.00909090909090909,,,,0.00909090909090909,0.08181818181818182,0.00909090909090909,,,0.00909090909090909,,,0.00909090909090909,0.00909090909090909,,,,,,,,0.02727272727272727,,,,,,0.02727272727272727,,,,,,,0.045454545454545456,,,,0.07272727272727272,,,,,,,,,,,,,,,,,,,,,,,,,,,,,,0.4090909090909091,0.19090909090909092,,0.00909090909090909,,0.00909090909090909,,,,,,,0.1,,,,,,,,,,,0.10909090909090909,,,,,,,,,,,0.08181818181818182,,,,,,,,,,,0.00909090909090909,,,,,,,,,,,0.045454545454545456,,,,,,,,,,0.01818181818181818,,,,,,,0.00909090909090909,,,,,0.00909090909090909,,,0.7545454545454545,0.03636363636363636,0.00909090909090909,,,,0.01818181818181818,0.00909090909090909,,,,,0.01818181818181818,,,0.00909090909090909,,,,,,,,0.02727272727272727,,,,,,,,,,,0.05454545454545454,,,,,,,,0.00909090909090909,,,,,,,,,,,,,,0.02727272727272727,,,,,,,,0.00909090909090909,,,,,,,,0.00909090909090909,,,,0.00909090909090909,,,,,0.0016516990000070564
songbirds.edgelist,directed,random,0.2,110,1027,829,0.807205452775073,False,False,inf,inf,1.0,inf,inf,inf,1.7980439319767096,1.4596459172748182,0.09090909090909091,0.08181818181818182,0.02727272727272727,0.02727272727272727,0.045454545454545456,0.01818181818181818,0.03636363636363636,0.045454545454545456,0.00909090909090909,0.01818181818181818,0.03636363636363636,0.00909090909090909,0.08181818181818182,0.01818181818181818,,0.01818181818181818,0.01818181818181818,,,,0.00909090909090909,0.00909090909090909,0.02727272727272727,0.01818181818181818,,,,,,0.01818181818181818,,,,0.07272727272727272,,,,,,,,,0.05454545454545454,,,,,,,,0.07272727272727272,,,,,0.06363636363636363,,,,,0.01818181818181818,,,,,0.05454545454545454,,0.14545454545454545,0.1,0.01818181818181818,,,0.01818181818181818,0.05454545454545454,0.01818181818181818,0.02727272727272727,0.01818181818181818,0.01818181818181818,0.00909090909090909,0.10909090909090909,0.00909090909090909,0.00909090909090909,0.00909090909090909,0.02727272727272727,0.01818181818181818,0.00909090909090909,0.00909090909090909,0.00909090909090909,0.00909090909090909,,0.045454545454545456,,,,0.00909090909090909,,,,0.00909090909090909,0.08181818181818182,0.00909090909090909,,,0.00909090909090909,,,0.00909090909090909,0.00909090909090909,,,,,,,,0.02727272727272727,,,,,,0.02727272727272727,,,,,,,0.045454545454545456,,,,0.07272727272727272,,,,,,,,,,,,,,,,,,,,,,,,,,,,,,0.11818181818181818,0.08181818181818182,0.02727272727272727,0.02727272727272727,0.045454545454545456,0.01818181818181818,0.03636363636363636,0.03636363636363636,0.01818181818181818,0.02727272727272727,0.00909090909090909,,0.08181818181818182,,,,0.01818181818181818,0.00909090909090909,,,0.01818181818181818,0.01818181818181818,,0.05454545454545454,,,,,,,,,,,0.06363636363636363,,,,,,,,,,,0.08181818181818182,,,,,,,,,,,0.03636363636363636,,,,,,,,,,0.12727272727272726,,,,,,,0.01818181818181818,,,,,0.02727272727272727,,,0.17272727272727273,0.10909090909090909,0.02727272727272727,0.03636363636363636,0.03636363636363636,0.00909090909090909,0.03636363636363636,0.02727272727272727,0.00909090909090909,0.00909090909090909,0.00909090909090909,0.00909090909090909,0.14545454545454545,0.00909090909090909,0.02727272727272727,0.01818181818181818,0.00909090909090909,,,0.00909090909090909,,,,0.01818181818181818,,0.00909090909090909,0.00909090909090909,,,,0.00909090909090909,0.00909090909090909,,,0.05454545454545454,,,,,,,,,,,0.03636363636363636,,,,,,,,,,,0.05454545454545454,,,,,,,,0.03636363636363636,,,,,,,,0.00909090909090909,,,,0.045454545454545456,,,,,0.0013100269999881675
songbirds.edgelist,directed,k_neighbor,0.2,110,1027,117,0.11392405063291139,False,False,inf,inf,0.43486238532110094,inf,inf,inf,1.7980439319767096,0.25637489433203287,0.09090909090909091,0.08181818181818182,0.02727272727272727,0.02727272727272727,0.045454545454545456,0.01818181818181818,0.03636363636363636,0.045454545454545456,0.00909090909090909,0.01818181818181818,0.03636363636363636,0.00909090909090909,0.08181818181818182,0.01818181818181818,,0.01818181818181818,0.01818181818181818,,,,0.00909090909090909,0.00909090909090909,0.02727272727272727,0.01818181818181818,,,,,,0.01818181818181818,,,,0.07272727272727272,,,,,,,,,0.05454545454545454,,,,,,,,0.07272727272727272,,,,,0.06363636363636363,,,,,0.01818181818181818,,,,,0.05454545454545454,,0.14545454545454545,0.1,0.01818181818181818,,,0.01818181818181818,0.05454545454545454,0.01818181818181818,0.02727272727272727,0.01818181818181818,0.01818181818181818,0.00909090909090909,0.10909090909090909,0.00909090909090909,0.00909090909090909,0.00909090909090909,0.02727272727272727,0.01818181818181818,0.00909090909090909,0.00909090909090909,0.00909090909090909,0.00909090909090909,,0.045454545454545456,,,,0.00909090909090909,,,,0.00909090909090909,0.08181818181818182,0.00909090909090909,,,0.00909090909090909,,,0.00909090909090909,0.00909090909090909,,,,,,,,0.02727272727272727,,,,,,0.02727272727272727,,,,,,,0.045454545454545456,,,,0.07272727272727272,,,,0.44545454545454544,,,,,,,,,,,0.22727272727272727,,,,,,0.16363636363636364,,0.11818181818181818,0.01818181818181818,0.01818181818181818,0.00909090909090909,,,,,,,,,,,,,,,,,,,,,,,,,,,,,,,,,,,,,,,,,,,,,,,,,,,,,,,,,,,,,,,,,,,,,,,,,,,,,,,,,,,,,,,,,,,,,,,,,,,,,,,,,,,,,,,,,,,,,,,,,,,,,,,,,,,,,,,,,,,,,,,,,,,,,,,,,,,,,,,,,,,,,,0.0026813320000087515
songbirds.edgelist,directed,local_degree,0.2,110,1027,99,0.09639727361246349,False,False,inf,inf,1.0,inf,inf,inf,1.7980439319767096,0.1317546737654632,0.09090909090909091,0.08181818181818182,0.02727272727272727,0.02727272727272727,0.045454545454545456,0.01818181818181818,0.03636363636363636,0.045454545454545456,0.00909090909090909,0.01818181818181818,0.03636363636363636,0.00909090909090909,0.08181818181818182,0.01818181818181818,,0.01818181818181818,0.01818181818181818,,,,0.00909090909090909,0.00909090909090909,0.02727272727272727,0.01818181818181818,,,,,,0.01818181818181818,,,,0.07272727272727272,,,,,,,,,0.05454545454545454,,,,,,,,0.07272727272727272,,,,,0.06363636363636363,,,,,0.01818181818181818,,,,,0.05454545454545454,,0.14545454545454545,0.1,0.01818181818181818,,,0.01818181818181818,0.05454545454545454,0.01818181818181818,0.02727272727272727,0.01818181818181818,0.01818181818181818,0.00909090909090909,0.10909090909090909,0.00909090909090909,0.00909090909090909,0.00909090909090909,0.02727272727272727,0.01818181818181818,0.00909090909090909,0.00909090909090909,0.00909090909090909,0.00909090909090909,,0.045454545454545456,,,,0.00909090909090909,,,,0.00909090909090909,0.08181818181818182,0.00909090909090909,,,0.00909090909090909,,,0.00909090909090909,0.00909090909090909,,,,,,,,0.02727272727272727,,,,,,0.02727272727272727,,,,,,,0.045454545454545456,,,,0.07272727272727272,,,,,,,,,,,,,,,,,,,,,,,,,,,,,,0.7636363636363637,0.1,,,,,,0.00909090909090909,,,,,0.03636363636363636,,0.00909090909090909,,,,,,,,,0.03636363636363636,,,,,,,,,,,0.01818181818181818,,,,,,,,,,,,,,,,,,,,,,,,,,,,,,,,0.00909090909090909,,,,,,,0.00909090909090909,,,,,0.00909090909090909,,,0.14545454545454545,0.8090909090909091,,,,,,,,,,,0.045454545454545456,,,,,,,,,,,,,,,,,,,,,,,,,,,,,,,,,,,,,,,,,,,,,,,,,,,,,,,,,,,,,,,,,,,,,0.0010852910000096472
songbirds.edgelist,directed,mst,0.2,110,1027,108,0.10516066212268745,False,False,inf,inf,0.03603002502085071,inf,inf,inf,1.7980439319767096,0.05343048679342641,0.09090909090909091,0.08181818181818182,0.02727272727272727,0.02727272727272727,0.045454545454545456,0.01818181818181818,0.03636363636363636,0.045454545454545456,0.00909090909090909,0.01818181818181818,0.03636363636363636,0.00909090909090909,0.08181818181818182,0.01818181818181818,,0.01818181818181818,0.01818181818181818,,,,0.00909090909090909,0.00909090909090909,0.02727272727272727,0.01818181818181818,,,,,,0.01818181818181818,,,,0.07272727272727272,,,,,,,,,0.05454545454545454,,,,,,,,0.07272727272727272,,,,,0.06363636363636363,,,,,0.01818181818181818,,,,,0.05454545454545454,,0.14545454545454545,0.1,0.01818181818181818,,,0.01818181818181818,0.05454545454545454,0.01818181818181818,0.02727272727272727,0.01818181818181818,0.01818181818181818,0.00909090909090909,0.10909090909090909,0.00909090909090909,0.00909090909090909,0.00909090909090909,0.02727272727272727,0.01818181818181818,0.00909090909090909,0.00909090909090909,0.00909090909090909,0.00909090909090909,,0.045454545454545456,,,,0.00909090909090909,,,,0.00909090909090909,0.08181818181818182,0.00909090909090909,,,0.00909090909090909,,,0.00909090909090909,0.00909090909090909,,,,,,,,0.02727272727272727,,,,,,0.02727272727272727,,,,,,,0.045454545454545456,,,,0.07272727272727272,,,,0.6636363636363637,,,0.00909090909090909,,0.00909090909090909,,,,,,0.11818181818181818,,,,,,0.09090909090909091,,0.03636363636363636,0.03636363636363636,0.02727272727272727,0.00909090909090909,,,,,,,,,,,,,,,,,,,,,,,,,,,,,,,,,,,,,,,,,,,,,,,,,,,,,,,,,,,,,,,,,,,,,,,,,,,,,,,,,,,,,,,,,,,,,,,,,,,,,,,,,,,,,,,,,,,,,,,,,,,,,,,,,,,,,,,,,,,,,,,,,,,,,,,,,,,,,,,,,,,,,,0.0026571350000210714
songbirds.edgelist,directed,t_spanner,0.2,110,1027,352,0.3427458617332035,False,False,inf,inf,1.0,inf,inf,inf,1.7980439319767096,0.10367734344978685,0.09090909090909091,0.08181818181818182,0.02727272727272727,0.02727272727272727,0.045454545454545456,0.01818181818181818,0.03636363636363636,0.045454545454545456,0.00909090909090909,0.01818181818181818,0.03636363636363636,0.00909090909090909,0.08181818181818182,0.01818181818181818,,0.01818181818181818,0.01818181818181818,,,,0.00909090909090909,0.00909090909090909,0.02727272727272727,0.01818181818181818,,,,,,0.01818181818181818,,,,0.07272727272727272,,,,,,,,,0.05454545454545454,,,,,,,,0.07272727272727272,,,,,0.06363636363636363,,,,,0.01818181818181818,,,,,0.05454545454545454,,0.14545454545454545,0.1,0.01818181818181818,,,0.01818181818181818,0.05454545454545454,0.01818181818181818,0.02727272727272727,0.01818181818181818,0.01818181818181818,0.00909090909090909,0.10909090909090909,0.00909090909090909,0.00909090909090909,0.00909090909090909,0.02727272727272727,0.01818181818181818,0.00909090909090909,0.00909090909090909,0.00909090909090909,0.00909090909090909,,0.045454545454545456,,,,0.00909090909090909,,,,0.00909090909090909,0.08181818181818182,0.00909090909090909,,,0.00909090909090909,,,0.00909090909090909,0.00909090909090909,,,,,,,,0.02727272727272727,,,,,,0.02727272727272727,,,,,,,0.045454545454545456,,,,0.07272727272727272,,,,,,,,,,,,,,,,,,,,,,,,,,,,,,,0.3181818181818182,,0.02727272727272727,,0.00909090909090909,,0.00909090909090909,,,,,0.21818181818181817,,,,,,,,,,,0.15454545454545454,,,,,,,,,,,0.1,,,,,,,,,,,0.07272727272727272,,,,,,,,,,,0.02727272727272727,,,,,,,,,,0.01818181818181818,,,,,,,0.03636363636363636,,,,,0.00909090909090909,,,,0.3181818181818182,,0.02727272727272727,,0.00909090909090909,,0.00909090909090909,,,,,0.21818181818181817,,,,,,,,,,,0.15454545454545454,,,,,,,,,,,0.1,,,,,,,,,,,0.07272727272727272,,,,,,,,,,,0.02727272727272727,,,,,,,,0.01818181818181818,,,,,,,,0.03636363636363636,,,,0.00909090909090909,,,,,0.062444798000001356
woldbirds.edgelist,directed,original,0.2,202,4658,,1.0,True,True,inf,inf,1.0,inf,inf,inf,5717154.0,5717154.0,0.06435643564356436,0.04950495049504951,0.0297029702970297,0.024752475247524754,0.054455445544554455,0.019801980198019802,0.0297029702970297,0.009900990099009901,0.039603960396039604,0.01485148514851485,0.0049504950495049506,0.019801980198019802,0.019801980198019802,0.019801980198019802,0.0297029702970297,,0.019801980198019802,0.0049504950495049506,0.0049504950495049506,0.009900990099009901,0.01485148514851485,0.01485148514851485,0.0049504950495049506,0.01485148514851485,0.01485148514851485,0.009900990099009901,0.009900990099009901,0.009900990099009901,0.0049504950495049506,0.009900990099009901,0.01485148514851485,0.024752475247524754,0.009900990099009901,0.024752475247524754,0.0049504950495049506,0.0049504950495049506,0.019801980198019802,0.0049504950495049506,0.0049504950495049506,0.0049504950495049506,0.009900990099009901,0.0049504950495049506,0.0297029702970297,0.0049504950495049506,0.0049504950495049506,0.009900990099009901,0.009900990099009901,0.0049504950495049506,0.0049504950495049506,0.009900990099009901,0.039603960396039604,0.0049504950495049506,0.0049504950495049506,0.01485148514851485,0.0049504950495049506,0.01485148514851485,0.0049504950495049506,0.0049504950495049506,0.009900990099009901,0.0049504950495049506,0.04455445544554455,0.0049504950495049506,0.009900990099009901,0.0049504950495049506,0.0049504950495049506,0.024752475247524754,0.0049504950495049506,0.0594059405940594,0.04950495049504951,0.024752475247524754,0.0049504950495049506,0.019801980198019802,0.024752475247524754,0.009900990099009901,0.019801980198019802,0.024752475247524754,0.01485148514851485,0.019801980198019802,0.024752475247524754,0.024752475247524754,0.009900990099009901,0.024752475247524754,0.01485148514851485,0.019801980198019802,0.01485148514851485,,0.0049504950495049506,0.01485148514851485,0.01485148514851485,0.009900990099009901,0.039603960396039604,0.009900990099009901,0.0049504950495049506,0.009900990099009901,0.01485148514851485,0.0049504950495049506,0.01485148514851485,0.0049504950495049506,0.009900990099009901,0.0297029702970297,0.0049504950495049506,0.009900990099009901,0.01485148514851485,,0.01485148514851485,0.0049504950495049506,0.0049504950495049506,0.0594059405940594,0.0049504950495049506,0.0049504950495049506,0.0049504950495049506,0.0049504950495049506,0.0049504950495049506,0.01485148514851485,0.01485148514851485,0.024752475247524754,0.0049504950495049506,0.009900990099009901,0.0049504950495049506,0.01485148514851485,0.0049504950495049506,0.04455445544554455,0.0049504950495049506,0.0049504950495049506,0.0049504950495049506,0.0049504950495049506,0.0049504950495049506,0.0049504950495049506,0.0297029702970297,0.009900990099009901,0.0049504950495049506,0.0049504950495049506,0.034653465346534656,0.0049504950495049506,0.0049504950495049506,0.0049504950495049506,,,,,,,,,,,,,,,,,,,,,,,,,,,0.06435643564356436,0.04950495049504951,0.0297029702970297,0.024752475247524754,0.054455445544554455,0.019801980198019802,0.0297029702970297,0.009900990099009901,0.039603960396039604,0.01485148514851485,0.0049504950495049506,0.019801980198019802,0.019801980198019802,0.019801980198019802,0.0297029702970297,,0.019801980198019802,0.0049504950495049506,0.0049504950495049506,0.009900990099009901,0.01485148514851485,0.01485148514851485,0.0049504950495049506,0.01485148514851485,0.01485148514851485,0.009900990099009901,0.009900990099009901,,0.009900990099009901,0.0049504950495049506,0.009900990099009901,0.01485148514851485,0.024752475247524754,0.009900990099009901,0.024752475247524754,0.0049504950495049506,0.0049504950495049506,0.019801980198019802,0.0049504950495049506,0.0049504950495049506,,0.0049504950495049506,,0.009900990099009901,0.0049504950495049506,0.0297029702970297,0.0049504950495049506,0.0049504950495049506,0.009900990099009901,0.009900990099009901,,0.0049504950495049506,,,0.0049504950495049506,0.009900990099009901,0.039603960396039604,0.0049504950495049506,,,0.0049504950495049506,0.01485148514851485,,,,0.0049504950495049506,0.01485148514851485,,0.0049504950495049506,0.0049504950495049506,,0.009900990099009901,0.0049504950495049506,0.04455445544554455,0.0049504950495049506,0.009900990099009901,0.0049504950495049506,0.0049504950495049506,0.024752475247524754,0.0049504950495049506,,0.0594059405940594,0.04950495049504951,0.024752475247524754,0.0049504950495049506,0.019801980198019802,0.024752475247524754,0.009900990099009901,0.019801980198019802,0.024752475247524754,0.01485148514851485,0.019801980198019802,0.024752475247524754,0.024752475247524754,0.009900990099009901,0.024752475247524754,0.01485148514851485,0.019801980198019802,0.01485148514851485,,0.0049504950495049506,0.01485148514851485,0.01485148514851485,0.009900990099009901,0.039603960396039604,0.009900990099009901,0.0049504950495049506,0.009900990099009901,0.01485148514851485,0.0049504950495049506,0.01485148514851485,,,0.0049504950495049506,0.009900990099009901,0.0297029702970297,0.0049504950495049506,0.009900990099009901,0.01485148514851485,,0.01485148514851485,,0.0049504950495049506,0.0049504950495049506,,,0.0594059405940594,0.0049504950495049506,0.0049504950495049506,,0.0049504950495049506,,0.0049504950495049506,0.0049504950495049506,0.01485148514851485,0.01485148514851485,,0.024752475247524754,0.0049504950495049506,0.009900990099009901,0.0049504950495049506,,0.01485148514851485,,0.0049504950495049506,0.04455445544554455,0.0049504950495049506,0.0049504950495049506,0.0049504950495049506,0.0049504950495049506,0.0049504950495049506,0.0049504950495049506,,0.0297029702970297,0.009900990099009901,0.0049504950495049506,0.0049504950495049506,0.034653465346534656,0.0049504950495049506,0.0049504950495049506,0.0049504950495049506,,
woldbirds.edgelist,directed,kols,0.2,202,4658,931,0.19987118935165307,True,False,inf,inf,1.0,inf,inf,inf,5717154.0,1132426.0,0.06435643564356436,0.04950495049504951,0.0297029702970297,0.024752475247524754,0.054455445544554455,0.019801980198019802,0.0297029702970297,0.009900990099009901,0.039603960396039604,0.01485148514851485,0.0049504950495049506,0.019801980198019802,0.019801980198019802,0.019801980198019802,0.0297029702970297,,0.019801980198019802,0.0049504950495049506,0.0049504950495049506,0.009900990099009901,0.01485148514851485,0.01485148514851485,0.0049504950495049506,0.01485148514851485,0.01485148514851485,0.009900990099009901,0.009900990099009901,0.009900990099009901,0.0049504950495049506,0.009900990099009901,0.01485148514851485,0.024752475247524754,0.009900990099009901,0.024752475247524754,0.0049504950495049506,0.0049504950495049506,0.019801980198019802,0.0049504950495049506,0.0049504950495049506,0.0049504950495049506,0.009900990099009901,0.0049504950495049506,0.0297029702970297,0.0049504950495049506,0.0049504950495049506,0.009900990099009901,0.009900990099009901,0.0049504950495049506,0.0049504950495049506,0.009900990099009901,0.039603960396039604,0.0049504950495049506,0.0049504950495049506,0.01485148514851485,0.0049504950495049506,0.01485148514851485,0.0049504950495049506,0.0049504950495049506,0.009900990099009901,0.0049504950495049506,0.04455445544554455,0.0049504950495049506,0.009900990099009901,0.0049504950495049506,0.0049504950495049506,0.024752475247524754,0.0049504950495049506,0.0594059405940594,0.04950495049504951,0.024752475247524754,0.0049504950495049506,0.019801980198019802,0.024752475247524754,0.009900990099009901,0.019801980198019802,0.024752475247524754,0.01485148514851485,0.019801980198019802,0.024752475247524754,0.024752475247524754,0.009900990099009901,0.024752475247524754,0.01485148514851485,0.019801980198019802,0.01485148514851485,,0.0049504950495049506,0.01485148514851485,0.01485148514851485,0.009900990099009901,0.039603960396039604,0.009900990099009901,0.0049504950495049506,0.009900990099009901,0.01485148514851485,0.0049504950495049506,0.01485148514851485,0.0049504950495049506,0.009900990099009901,0.0297029702970297,0.0049504950495049506,0.009900990099009901,0.01485148514851485,,0.01485148514851485,0.0049504950495049506,0.0049504950495049506,0.0594059405940594,0.0049504950495049506,0.0049504950495049506,0.0049504950495049506,0.0049504950495049506,0.0049504950495049506,0.01485148514851485,0.01485148514851485,0.024752475247524754,0.0049504950495049506,0.009900990099009901,0.0049504950495049506,0.01485148514851485,0.0049504950495049506,0.04455445544554455,0.0049504950495049506,0.0049504950495049506,0.0049504950495049506,0.0049504950495049506,0.0049504950495049506,0.0049504950495049506,0.0297029702970297,0.009900990099009901,0.0049504950495049506,0.0049504950495049506,0.034653465346534656,0.0049504950495049506,0.0049504950495049506,0.0049504950495049506,,,,,,,,,,,,,,,,,,,,,,,,,,,0.40594059405940597,0.15841584158415842,,0.019801980198019802,0.009900990099009901,,0.019801980198019802,0.01485148514851485,0.0049504950495049506,0.0049504950495049506,,0.0049504950495049506,0.04950495049504951,,,0.0049504950495049506,,0.0049504950495049506,0.009900990099009901,,0.0049504950495049506,0.01485148514851485,,0.054455445544554455,0.0049504950495049506,0.009900990099009901,,0.0049504950495049506,,,0.009900990099009901,,,,0.039603960396039604,,,,,,,,,,,0.04455445544554455,,,,,,,,,,,0.039603960396039604,,,,,,,,,,0.01485148514851485,,,,,,,0.0297029702970297,,,,,0.01485148514851485,,,0.7425742574257426,0.019801980198019802,0.009900990099009901,,0.01485148514851485,0.01485148514851485,,0.0049504950495049506,0.009900990099009901,0.0049504950495049506,0.009900990099009901,0.009900990099009901,0.0049504950495049506,0.0049504950495049506,,0.0049504950495049506,,,,,,,0.0049504950495049506,0.009900990099009901,,,0.0049504950495049506,0.009900990099009901,0.0049504950495049506,,,,,0.0049504950495049506,0.0049504950495049506,,0.009900990099009901,,,0.0049504950495049506,,0.0049504950495049506,,,,0.019801980198019802,,,,,,0.0049504950495049506,,,,,0.009900990099009901,,,,,0.009900990099009901,,,0.019801980198019802,,,,,,,,0.009900990099009901,,,,0.0049504950495049506,,,,,0.008240626999992173
woldbirds.edgelist,directed,random,0.2,202,4658,3773,0.8100042936882782,True,True,inf,inf,1.0,inf,inf,inf,5717154.0,4647310.0,0.06435643564356436,0.04950495049504951,0.0297029702970297,0.024752475247524754,0.054455445544554455,0.019801980198019802,0.0297029702970297,0.009900990099009901,0.039603960396039604,0.01485148514851485,0.0049504950495049506,0.019801980198019802,0.019801980198019802,0.019801980198019802,0.0297029702970297,,0.019801980198019802,0.0049504950495049506,0.0049504950495049506,0.009900990099009901,0.01485148514851485,0.01485148514851485,0.0049504950495049506,0.01485148514851485,0.01485148514851485,0.009900990099009901,0.009900990099009901,0.009900990099009901,0.0049504950495049506,0.009900990099009901,0.01485148514851485,0.024752475247524754,0.009900990099009901,0.024752475247524754,0.0049504950495049506,0.0049504950495049506,0.019801980198019802,0.0049504950495049506,0.0049504950495049506,0.0049504950495049506,0.009900990099009901,0.0049504950495049506,0.0297029702970297,0.0049504950495049506,0.0049504950495049506,0.009900990099009901,0.009900990099009901,0.0049504950495049506,0.0049504950495049506,0.009900990099009901,0.039603960396039604,0.0049504950495049506,0.0049504950495049506,0.01485148514851485,0.0049504950495049506,0.01485148514851485,0.0049504950495049506,0.0049504950495049506,0.009900990099009901,0.0049504950495049506,0.04455445544554455,0.0049504950495049506,0.009900990099009901,0.0049504950495049506,0.0049504950495049506,0.024752475247524754,0.0049504950495049506,0.0594059405940594,0.04950495049504951,0.024752475247524754,0.0049504950495049506,0.019801980198019802,0.024752475247524754,0.009900990099009901,0.019801980198019802,0.024752475247524754,0.01485148514851485,0.019801980198019802,0.024752475247524754,0.024752475247524754,0.009900990099009901,0.024752475247524754,0.01485148514851485,0.019801980198019802,0.01485148514851485,,0.0049504950495049506,0.01485148514851485,0.01485148514851485,0.009900990099009901,0.039603960396039604,0.009900990099009901,0.0049504950495049506,0.009900990099009901,0.01485148514851485,0.0049504950495049506,0.01485148514851485,0.0049504950495049506,0.009900990099009901,0.0297029702970297,0.0049504950495049506,0.009900990099009901,0.01485148514851485,,0.01485148514851485,0.0049504950495049506,0.0049504950495049506,0.0594059405940594,0.0049504950495049506,0.0049504950495049506,0.0049504950495049506,0.0049504950495049506,0.0049504950495049506,0.01485148514851485,0.01485148514851485,0.024752475247524754,0.0049504950495049506,0.009900990099009901,0.0049504950495049506,0.01485148514851485,0.0049504950495049506,0.04455445544554455,0.0049504950495049506,0.0049504950495049506,0.0049504950495049506,0.0049504950495049506,0.0049504950495049506,0.0049504950495049506,0.0297029702970297,0.009900990099009901,0.0049504950495049506,0.0049504950495049506,0.034653465346534656,0.0049504950495049506,0.0049504950495049506,0.0049504950495049506,,,,,,,,,,,,,,,,,,,,,,,,,,,0.07425742574257425,0.0594059405940594,0.0297029702970297,0.034653465346534656,0.0297029702970297,0.04455445544554455,0.024752475247524754,0.024752475247524754,0.009900990099009901,0.01485148514851485,0.009900990099009901,0.019801980198019802,0.0049504950495049506,0.01485148514851485,0.009900990099009901,0.009900990099009901,0.01485148514851485,0.01485148514851485,,0.01485148514851485,0.0049504950495049506,0.009900990099009901,0.01485148514851485,0.024752475247524754,0.019801980198019802,0.01485148514851485,0.01485148514851485,0.019801980198019802,0.009900990099009901,0.0049504950495049506,0.0049504950495049506,0.009900990099009901,0.0049504950495049506,,0.0594059405940594,0.009900990099009901,0.009900990099009901,0.0049504950495049506,0.0049504950495049506,,0.0049504950495049506,0.01485148514851485,0.0049504950495049506,,0.0049504950495049506,0.0297029702970297,0.0049504950495049506,0.0049504950495049506,,,,,0.0049504950495049506,,0.0049504950495049506,0.009900990099009901,0.0297029702970297,,0.0049504950495049506,0.0049504950495049506,,0.0049504950495049506,0.0049504950495049506,0.0049504950495049506,0.009900990099009901,,0.0297029702970297,0.009900990099009901,,,0.0049504950495049506,,,0.04455445544554455,,,,,0.04950495049504951,,,0.07920792079207921,0.054455445544554455,0.019801980198019802,0.01485148514851485,0.024752475247524754,0.024752475247524754,0.039603960396039604,0.0297029702970297,0.019801980198019802,0.019801980198019802,,0.01485148514851485,0.0297029702970297,0.009900990099009901,0.009900990099009901,0.019801980198019802,0.0297029702970297,0.009900990099009901,,0.019801980198019802,0.009900990099009901,0.0049504950495049506,,0.039603960396039604,0.009900990099009901,0.01485148514851485,0.0049504950495049506,0.01485148514851485,0.009900990099009901,0.0049504950495049506,0.01485148514851485,,0.009900990099009901,,0.04950495049504951,,,0.0049504950495049506,,0.0049504950495049506,0.009900990099009901,0.01485148514851485,,0.01485148514851485,0.0049504950495049506,0.054455445544554455,0.0049504950495049506,0.0049504950495049506,0.009900990099009901,0.0049504950495049506,0.0049504950495049506,,,0.009900990099009901,,0.0049504950495049506,0.039603960396039604,,0.01485148514851485,,0.0049504950495049506,0.0049504950495049506,0.009900990099009901,0.0049504950495049506,0.024752475247524754,,,,0.0049504950495049506,,0.0049504950495049506,0.0049504950495049506,0.034653465346534656,,,,0.034653465346534656,,,,,0.005173664000011513
woldbirds.edgelist,directed,k_neighbor,0.2,202,4658,298,0.0639759553456419,True,True,inf,15.0,0.0,inf,inf,inf,5717154.0,453770.0,0.06435643564356436,0.04950495049504951,0.0297029702970297,0.024752475247524754,0.054455445544554455,0.019801980198019802,0.0297029702970297,0.009900990099009901,0.039603960396039604,0.01485148514851485,0.0049504950495049506,0.019801980198019802,0.019801980198019802,0.019801980198019802,0.0297029702970297,,0.019801980198019802,0.0049504950495049506,0.0049504950495049506,0.009900990099009901,0.01485148514851485,0.01485148514851485,0.0049504950495049506,0.01485148514851485,0.01485148514851485,0.009900990099009901,0.009900990099009901,0.009900990099009901,0.0049504950495049506,0.009900990099009901,0.01485148514851485,0.024752475247524754,0.009900990099009901,0.024752475247524754,0.0049504950495049506,0.0049504950495049506,0.019801980198019802,0.0049504950495049506,0.0049504950495049506,0.0049504950495049506,0.009900990099009901,0.0049504950495049506,0.0297029702970297,0.0049504950495049506,0.0049504950495049506,0.009900990099009901,0.009900990099009901,0.0049504950495049506,0.0049504950495049506,0.009900990099009901,0.039603960396039604,0.0049504950495049506,0.0049504950495049506,0.01485148514851485,0.0049504950495049506,0.01485148514851485,0.0049504950495049506,0.0049504950495049506,0.009900990099009901,0.0049504950495049506,0.04455445544554455,0.0049504950495049506,0.009900990099009901,0.0049504950495049506,0.0049504950495049506,0.024752475247524754,0.0049504950495049506,0.0594059405940594,0.04950495049504951,0.024752475247524754,0.0049504950495049506,0.019801980198019802,0.024752475247524754,0.009900990099009901,0.019801980198019802,0.024752475247524754,0.01485148514851485,0.019801980198019802,0.024752475247524754,0.024752475247524754,0.009900990099009901,0.024752475247524754,0.01485148514851485,0.019801980198019802,0.01485148514851485,,0.0049504950495049506,0.01485148514851485,0.01485148514851485,0.009900990099009901,0.039603960396039604,0.009900990099009901,0.0049504950495049506,0.009900990099009901,0.01485148514851485,0.0049504950495049506,0.01485148514851485,0.0049504950495049506,0.009900990099009901,0.0297029702970297,0.0049504950495049506,0.009900990099009901,0.01485148514851485,,0.01485148514851485,0.0049504950495049506,0.0049504950495049506,0.0594059405940594,0.0049504950495049506,0.0049504950495049506,0.0049504950495049506,0.0049504950495049506,0.0049504950495049506,0.01485148514851485,0.01485148514851485,0.024752475247524754,0.0049504950495049506,0.009900990099009901,0.0049504950495049506,0.01485148514851485,0.0049504950495049506,0.04455445544554455,0.0049504950495049506,0.0049504950495049506,0.0049504950495049506,0.0049504950495049506,0.0049504950495049506,0.0049504950495049506,0.0297029702970297,0.009900990099009901,0.0049504950495049506,0.0049504950495049506,0.034653465346534656,0.0049504950495049506,0.0049504950495049506,0.0049504950495049506,0.28217821782178215,,,,,,,,,,,0.21287128712871287,,,,,,0.14356435643564355,,0.15841584158415842,0.11386138613861387,0.04455445544554455,0.01485148514851485,0.0297029702970297,,,,,,,,,,,,,,,,,,,,,,,,,,,,,,,,,,,,,,,,,,,,,,,,,,,,,,,,,,,,,,,,,,,,,,,,,,,,,,,,,,,,,,,,,,,,,,,,,,,,,,,,,,,,,,,,,,,,,,,,,,,,,,,,,,,,,,,,,,,,,,,,,,,,,,,,,,,,,,,,,,,,,0.012091048999991472
woldbirds.edgelist,directed,local_degree,0.2,202,4658,245,0.05259768140832975,True,False,inf,inf,1.0,inf,inf,inf,5717154.0,566182.0,0.06435643564356436,0.04950495049504951,0.0297029702970297,0.024752475247524754,0.054455445544554455,0.019801980198019802,0.0297029702970297,0.009900990099009901,0.039603960396039604,0.01485148514851485,0.0049504950495049506,0.019801980198019802,0.019801980198019802,0.019801980198019802,0.0297029702970297,,0.019801980198019802,0.0049504950495049506,0.0049504950495049506,0.009900990099009901,0.01485148514851485,0.01485148514851485,0.0049504950495049506,0.01485148514851485,0.01485148514851485,0.009900990099009901,0.009900990099009901,0.009900990099009901,0.0049504950495049506,0.009900990099009901,0.01485148514851485,0.024752475247524754,0.009900990099009901,0.024752475247524754,0.0049504950495049506,0.0049504950495049506,0.019801980198019802,0.0049504950495049506,0.0049504950495049506,0.0049504950495049506,0.009900990099009901,0.0049504950495049506,0.0297029702970297,0.0049504950495049506,0.0049504950495049506,0.009900990099009901,0.009900990099009901,0.0049504950495049506,0.0049504950495049506,0.009900990099009901,0.039603960396039604,0.0049504950495049506,0.0049504950495049506,0.01485148514851485,0.0049504950495049506,0.01485148514851485,0.0049504950495049506,0.0049504950495049506,0.009900990099009901,0.0049504950495049506,0.04455445544554455,0.0049504950495049506,0.009900990099009901,0.0049504950495049506,0.0049504950495049506,0.024752475247524754,0.0049504950495049506,0.0594059405940594,0.04950495049504951,0.024752475247524754,0.0049504950495049506,0.019801980198019802,0.024752475247524754,0.009900990099009901,0.019801980198019802,0.024752475247524754,0.01485148514851485,0.019801980198019802,0.024752475247524754,0.024752475247524754,0.009900990099009901,0.024752475247524754,0.01485148514851485,0.019801980198019802,0.01485148514851485,,0.0049504950495049506,0.01485148514851485,0.01485148514851485,0.009900990099009901,0.039603960396039604,0.009900990099009901,0.0049504950495049506,0.009900990099009901,0.01485148514851485,0.0049504950495049506,0.01485148514851485,0.0049504950495049506,0.009900990099009901,0.0297029702970297,0.0049504950495049506,0.009900990099009901,0.01485148514851485,,0.01485148514851485,0.0049504950495049506,0.0049504950495049506,0.0594059405940594,0.0049504950495049506,0.0049504950495049506,0.0049504950495049506,0.0049504950495049506,0.0049504950495049506,0.01485148514851485,0.01485148514851485,0.024752475247524754,0.0049504950495049506,0.009900990099009901,0.0049504950495049506,0.01485148514851485,0.0049504950495049506,0.04455445544554455,0.0049504950495049506,0.0049504950495049506,0.0049504950495049506,0.0049504950495049506,0.0049504950495049506,0.0049504950495049506,0.0297029702970297,0.009900990099009901,0.0049504950495049506,0.0049504950495049506,0.034653465346534656,0.0049504950495049506,0.0049504950495049506,0.0049504950495049506,,,,,,,,,,,,,,,,,,,,,,,,,,,0.8366336633663366,0.07425742574257425,,0.0049504950495049506,,,,,,,,,0.0297029702970297,,,,,,0.0049504950495049506,,,,,0.0049504950495049506,,0.0049504950495049506,,,,,,,,,,,,,,,,,,,0.0049504950495049506,0.0049504950495049506,,,,,,0.0049504950495049506,,,,,0.0049504950495049506,,,,,,,,,,0.0049504950495049506,,,,,,,0.0049504950495049506,,,,,0.009900990099009901,,,0.0594059405940594,0.6683168316831684,,,,,,,,,,,0.2722772277227723,,,,,,,,,,,,,,,,,,,,,,,,,,,,,,,,,,,,,,,,,,,,,,,,,,,,,,,,,,,,,,,,,,,,,0.003901066999986824
woldbirds.edgelist,directed,mst,0.2,202,4658,201,0.043151567196221555,True,True,inf,5.0,0.0,inf,inf,inf,5717154.0,509486.0,0.06435643564356436,0.04950495049504951,0.0297029702970297,0.024752475247524754,0.054455445544554455,0.019801980198019802,0.0297029702970297,0.009900990099009901,0.039603960396039604,0.01485148514851485,0.0049504950495049506,0.019801980198019802,0.019801980198019802,0.019801980198019802,0.0297029702970297,,0.019801980198019802,0.0049504950495049506,0.0049504950495049506,0.009900990099009901,0.01485148514851485,0.01485148514851485,0.0049504950495049506,0.01485148514851485,0.01485148514851485,0.009900990099009901,0.009900990099009901,0.009900990099009901,0.0049504950495049506,0.009900990099009901,0.01485148514851485,0.024752475247524754,0.009900990099009901,0.024752475247524754,0.0049504950495049506,0.0049504950495049506,0.019801980198019802,0.0049504950495049506,0.0049504950495049506,0.0049504950495049506,0.009900990099009901,0.0049504950495049506,0.0297029702970297,0.0049504950495049506,0.0049504950495049506,0.009900990099009901,0.009900990099009901,0.0049504950495049506,0.0049504950495049506,0.009900990099009901,0.039603960396039604,0.0049504950495049506,0.0049504950495049506,0.01485148514851485,0.0049504950495049506,0.01485148514851485,0.0049504950495049506,0.0049504950495049506,0.009900990099009901,0.0049504950495049506,0.04455445544554455,0.0049504950495049506,0.009900990099009901,0.0049504950495049506,0.0049504950495049506,0.024752475247524754,0.0049504950495049506,0.0594059405940594,0.04950495049504951,0.024752475247524754,0.0049504950495049506,0.019801980198019802,0.024752475247524754,0.009900990099009901,0.019801980198019802,0.024752475247524754,0.01485148514851485,0.019801980198019802,0.024752475247524754,0.024752475247524754,0.009900990099009901,0.024752475247524754,0.01485148514851485,0.019801980198019802,0.01485148514851485,,0.0049504950495049506,0.01485148514851485,0.01485148514851485,0.009900990099009901,0.039603960396039604,0.009900990099009901,0.0049504950495049506,0.009900990099009901,0.01485148514851485,0.0049504950495049506,0.01485148514851485,0.0049504950495049506,0.009900990099009901,0.0297029702970297,0.0049504950495049506,0.009900990099009901,0.01485148514851485,,0.01485148514851485,0.0049504950495049506,0.0049504950495049506,0.0594059405940594,0.0049504950495049506,0.0049504950495049506,0.0049504950495049506,0.0049504950495049506,0.0049504950495049506,0.01485148514851485,0.01485148514851485,0.024752475247524754,0.0049504950495049506,0.009900990099009901,0.0049504950495049506,0.01485148514851485,0.0049504950495049506,0.04455445544554455,0.0049504950495049506,0.0049504950495049506,0.0049504950495049506,0.0049504950495049506,0.0049504950495049506,0.0049504950495049506,0.0297029702970297,0.009900990099009901,0.0049504950495049506,0.0049504950495049506,0.034653465346534656,0.0049504950495049506,0.0049504950495049506,0.0049504950495049506,0.9158415841584159,,,,0.0049504950495049506,,,,,,,0.024752475247524754,,,,0.0049504950495049506,,0.01485148514851485,0.0049504950495049506,0.0049504950495049506,0.0049504950495049506,,0.0049504950495049506,0.009900990099009901,,0.0049504950495049506,,,,,,,,,,,,,,,,,,,,,,,,,,,,,,,,,,,,,,,,,,,,,,,,,,,,,,,,,,,,,,,,,,,,,,,,,,,,,,,,,,,,,,,,,,,,,,,,,,,,,,,,,,,,,,,,,,,,,,,,,,,,,,,,,,,,,,,,,,,,,,,,,,,,,,,,,,,,,,,,,,,0.01104725700000131
woldbirds.edgelist,directed,t_spanner,0.2,202,4658,3836,0.8235294117647058,True,True,inf,inf,1.0,inf,inf,inf,5717154.0,3791805.0,0.06435643564356436,0.04950495049504951,0.0297029702970297,0.024752475247524754,0.054455445544554455,0.019801980198019802,0.0297029702970297,0.009900990099009901,0.039603960396039604,0.01485148514851485,0.0049504950495049506,0.019801980198019802,0.019801980198019802,0.019801980198019802,0.0297029702970297,,0.019801980198019802,0.0049504950495049506,0.0049504950495049506,0.009900990099009901,0.01485148514851485,0.01485148514851485,0.0049504950495049506,0.01485148514851485,0.01485148514851485,0.009900990099009901,0.009900990099009901,0.009900990099009901,0.0049504950495049506,0.009900990099009901,0.01485148514851485,0.024752475247524754,0.009900990099009901,0.024752475247524754,0.0049504950495049506,0.0049504950495049506,0.019801980198019802,0.0049504950495049506,0.0049504950495049506,0.0049504950495049506,0.009900990099009901,0.0049504950495049506,0.0297029702970297,0.0049504950495049506,0.0049504950495049506,0.009900990099009901,0.009900990099009901,0.0049504950495049506,0.0049504950495049506,0.009900990099009901,0.039603960396039604,0.0049504950495049506,0.0049504950495049506,0.01485148514851485,0.0049504950495049506,0.01485148514851485,0.0049504950495049506,0.0049504950495049506,0.009900990099009901,0.0049504950495049506,0.04455445544554455,0.0049504950495049506,0.009900990099009901,0.0049504950495049506,0.0049504950495049506,0.024752475247524754,0.0049504950495049506,0.0594059405940594,0.04950495049504951,0.024752475247524754,0.0049504950495049506,0.019801980198019802,0.024752475247524754,0.009900990099009901,0.019801980198019802,0.024752475247524754,0.01485148514851485,0.019801980198019802,0.024752475247524754,0.024752475247524754,0.009900990099009901,0.024752475247524754,0.01485148514851485,0.019801980198019802,0.01485148514851485,,0.0049504950495049506,0.01485148514851485,0.01485148514851485,0.009900990099009901,0.039603960396039604,0.009900990099009901,0.0049504950495049506,0.009900990099009901,0.01485148514851485,0.0049504950495049506,0.01485148514851485,0.0049504950495049506,0.009900990099009901,0.0297029702970297,0.0049504950495049506,0.009900990099009901,0.01485148514851485,,0.01485148514851485,0.0049504950495049506,0.0049504950495049506,0.0594059405940594,0.0049504950495049506,0.0049504950495049506,0.0049504950495049506,0.0049504950495049506,0.0049504950495049506,0.01485148514851485,0.01485148514851485,0.024752475247524754,0.0049504950495049506,0.009900990099009901,0.0049504950495049506,0.01485148514851485,0.0049504950495049506,0.04455445544554455,0.0049504950495049506,0.0049504950495049506,0.0049504950495049506,0.0049504950495049506,0.0049504950495049506,0.0049504950495049506,0.0297029702970297,0.009900990099009901,0.0049504950495049506,0.0049504950495049506,0.034653465346534656,0.0049504950495049506,0.0049504950495049506,0.0049504950495049506,,,,,,,,,,,,,,,,,,,,,,,,,,,,0.0297029702970297,0.01485148514851485,0.034653465346534656,0.019801980198019802,0.019801980198019802,0.01485148514851485,0.009900990099009901,0.01485148514851485,0.0049504950495049506,0.01485148514851485,0.009900990099009901,0.04455445544554455,0.024752475247524754,0.01485148514851485,0.019801980198019802,0.01485148514851485,0.009900990099009901,0.019801980198019802,0.019801980198019802,0.024752475247524754,0.039603960396039604,0.024752475247524754,0.04950495049504951,0.024752475247524754,0.01485148514851485,0.034653465346534656,0.01485148514851485,0.024752475247524754,0.0049504950495049506,0.009900990099009901,,0.0049504950495049506,0.0049504950495049506,0.034653465346534656,,,0.009900990099009901,,0.0049504950495049506,0.0049504950495049506,0.0049504950495049506,0.0049504950495049506,0.0049504950495049506,0.0049504950495049506,0.0891089108910891,,,0.0049504950495049506,0.019801980198019802,0.0049504950495049506,0.01485148514851485,,0.0049504950495049506,,,0.0297029702970297,,,,,,,,,,0.024752475247524754,,,,,,,0.04950495049504951,,,,,0.04455445544554455,,0.0049504950495049506,,0.0297029702970297,0.01485148514851485,0.034653465346534656,0.019801980198019802,0.019801980198019802,0.01485148514851485,0.009900990099009901,0.01485148514851485,0.0049504950495049506,0.01485148514851485,0.009900990099009901,0.04455445544554455,0.024752475247524754,0.01485148514851485,0.019801980198019802,0.01485148514851485,0.009900990099009901,0.019801980198019802,0.019801980198019802,0.024752475247524754,0.039603960396039604,0.024752475247524754,0.04950495049504951,0.024752475247524754,0.01485148514851485,0.034653465346534656,0.01485148514851485,0.024752475247524754,0.0049504950495049506,0.009900990099009901,,0.0049504950495049506,0.0049504950495049506,0.034653465346534656,,,0.009900990099009901,,0.0049504950495049506,0.0049504950495049506,0.0049504950495049506,0.0049504950495049506,0.0049504950495049506,0.0049504950495049506,0.0891089108910891,,,0.0049504950495049506,0.019801980198019802,0.0049504950495049506,0.01485148514851485,,0.0049504950495049506,,,0.0297029702970297,,,,,,,,0.024752475247524754,,,,,,,,0.04950495049504951,,,,0.04455445544554455,,,,0.0049504950495049506,1.4073875149999822
