graph,graph_family,method,rho,n,m_og,m_sparse,edges_ratio,connected_original,connected_sparsified,diameter_original,diameter_sparsified,unreachable_pairs_ratio,stretch_avg,stretch_var,stretch_max,laplacian_qf_original,laplacian_qf_sparsified,degree_distribution_original_1,degree_distribution_original_10,degree_distribution_original_11,degree_distribution_original_12,degree_distribution_original_13,degree_distribution_original_14,degree_distribution_original_15,degree_distribution_original_16,degree_distribution_original_19,degree_distribution_original_2,degree_distribution_original_3,degree_distribution_original_4,degree_distribution_original_5,degree_distribution_original_6,degree_distribution_original_7,degree_distribution_original_8,degree_distribution_original_9,degree_distribution_sparsified_0,degree_distribution_sparsified_1,degree_distribution_sparsified_10,degree_distribution_sparsified_11,degree_distribution_sparsified_12,degree_distribution_sparsified_13,degree_distribution_sparsified_14,degree_distribution_sparsified_15,degree_distribution_sparsified_16,degree_distribution_sparsified_19,degree_distribution_sparsified_2,degree_distribution_sparsified_3,degree_distribution_sparsified_4,degree_distribution_sparsified_5,degree_distribution_sparsified_6,degree_distribution_sparsified_7,degree_distribution_sparsified_8,degree_distribution_sparsified_9,sparsify_time,metric_time
undirected1.edgelist,undirected,original,0.2,30,34,,1.0,True,True,113.71400000000001,113.71400000000001,0.0,1.0,0.0,1.0,135752.939290688,135752.939290688,0.3,,,,,,,,,0.3,0.23333333333333334,0.16666666666666666,,,,,,,0.3,,,,,,,,,0.3,0.23333333333333334,0.16666666666666666,,,,,,,0.0034402079982100986
undirected1.edgelist,undirected,kols,0.2,30,34,29,0.8529411764705882,True,True,113.71400000000001,134.0,0.0,1.479221052506804,3.452972660961688,25.413569887317188,135752.939290688,124042.01882699996,0.3,,,,,,,,,0.3,0.23333333333333334,0.16666666666666666,,,,,,,0.43333333333333335,,,,,,,,,0.3333333333333333,0.1,0.13333333333333333,,,,,,0.00027018300170311704,0.0025148720014840364
undirected1.edgelist,undirected,random,0.2,30,34,29,0.8529411764705882,True,False,113.71400000000001,inf,0.12873563218390804,1.5564955935057072,1.4151331143703467,13.269627507163325,135752.939290688,124381.92610755995,0.3,,,,,,,,,0.3,0.23333333333333334,0.16666666666666666,,,,,,,0.4,,,,,,,,,0.3,0.26666666666666666,0.03333333333333333,,,,,,9.961899922927842e-05,0.0023616219987161458
undirected1.edgelist,undirected,k_neighbor,0.2,30,34,25,0.7352941176470589,True,False,113.71400000000001,inf,0.832183908045977,1.2302169486686185,0.4005477607874966,4.479072907290729,135752.939290688,130080.29391388595,0.3,,,,,,,,,0.3,0.23333333333333334,0.16666666666666666,,,,,,,0.5,,,,,,,,,0.36666666666666664,0.1,0.03333333333333333,,,,,,0.00026867999986279756,0.0016707309987396002
undirected1.edgelist,undirected,local_degree,0.2,30,34,27,0.7941176470588235,True,False,113.71400000000001,inf,0.6735632183908046,1.126031021151108,0.1268045112180127,3.4441959293222992,135752.939290688,132478.367620302,0.3,,,,,,,,,0.3,0.23333333333333334,0.16666666666666666,,,,,,,0.5666666666666667,,,,,,,,,0.2,0.1,0.13333333333333333,,,,,,0.0002596119993540924,0.0018145029971492477
undirected1.edgelist,undirected,mst,0.2,30,34,29,0.8529411764705882,True,True,113.71400000000001,113.71400000000001,0.0,1.0851512853256327,0.08235541156875771,5.061096573967017,135752.939290688,112028.31685228397,0.3,,,,,,,,,0.3,0.23333333333333334,0.16666666666666666,,,,,,,0.43333333333333335,,,,,,,,,0.23333333333333334,0.3,0.03333333333333333,,,,,,0.00018037300105788745,0.002495976998034166
undirected1.edgelist,undirected,t_spanner,0.2,30,34,30,0.8823529411764706,True,True,113.71400000000001,113.71400000000001,0.0,1.0283217946363192,0.006755253311786916,1.6277708721773358,135752.939290688,112787.28508001196,0.3,,,,,,,,,0.3,0.23333333333333334,0.16666666666666666,,,,,,,0.36666666666666664,,,,,,,,,0.3,0.3,0.03333333333333333,,,,,,0.00042416499854880385,0.0025207440012309235
undirected10.edgelist,undirected,original,0.2,56,151,,1.0,True,True,42.663,42.663,0.0,1.0,0.0,1.0,1736656.3798512148,1736656.3798512148,,0.03571428571428571,,,,,,,,0.10714285714285714,0.07142857142857142,0.17857142857142858,0.23214285714285715,0.08928571428571429,0.14285714285714285,0.08928571428571429,0.05357142857142857,,,0.03571428571428571,,,,,,,,0.10714285714285714,0.07142857142857142,0.17857142857142858,0.23214285714285715,0.08928571428571429,0.14285714285714285,0.08928571428571429,0.05357142857142857,,0.013791090001177508
undirected10.edgelist,undirected,kols,0.2,56,151,55,0.36423841059602646,True,True,42.663,66.0,0.0,1.9813819483209958,36.90160323068929,208.0536912751678,1736656.3798512148,374020.12700100004,,0.03571428571428571,,,,,,,,0.10714285714285714,0.07142857142857142,0.17857142857142858,0.23214285714285715,0.08928571428571429,0.14285714285714285,0.08928571428571429,0.05357142857142857,,0.625,,,,,,,,,0.14285714285714285,0.07142857142857142,0.07142857142857142,0.03571428571428571,,0.05357142857142857,,,0.0005251660004432779,0.010451062997162808
undirected10.edgelist,undirected,random,0.2,56,151,120,0.7947019867549668,True,True,42.663,71.629,0.0,1.423455784631008,4.102943709454697,63.417177914110425,1736656.3798512148,1393715.0438032048,,0.03571428571428571,,,,,,,,0.10714285714285714,0.07142857142857142,0.17857142857142858,0.23214285714285715,0.08928571428571429,0.14285714285714285,0.08928571428571429,0.05357142857142857,,0.08928571428571429,,,,,,,,,0.10714285714285714,0.17857142857142858,0.19642857142857142,0.17857142857142858,0.05357142857142857,0.125,0.07142857142857142,,0.00023814200176275335,0.01323762999891187
undirected10.edgelist,undirected,k_neighbor,0.2,56,151,47,0.31125827814569534,True,False,42.663,inf,0.8467532467532467,2.5740429363190334,17.482168815023083,55.42270531400967,1736656.3798512148,733234.9799722891,,0.03571428571428571,,,,,,,,0.10714285714285714,0.07142857142857142,0.17857142857142858,0.23214285714285715,0.08928571428571429,0.14285714285714285,0.08928571428571429,0.05357142857142857,,0.5357142857142857,,,,,,,,,0.26785714285714285,0.17857142857142858,0.017857142857142856,,,,,,0.0005005800012440886,0.007628645998920547
undirected10.edgelist,undirected,local_degree,0.2,56,151,55,0.36423841059602646,True,True,42.663,112.685,0.0,3.233813436336138,148.8764991696907,453.5906040268457,1736656.3798512148,752634.9014476462,,0.03571428571428571,,,,,,,,0.10714285714285714,0.07142857142857142,0.17857142857142858,0.23214285714285715,0.08928571428571429,0.14285714285714285,0.08928571428571429,0.05357142857142857,,0.7321428571428571,0.017857142857142856,,,,,,,,0.07142857142857142,0.05357142857142857,0.017857142857142856,0.03571428571428571,0.017857142857142856,0.03571428571428571,0.017857142857142856,,0.0005207180001889355,0.010649859999830369
undirected10.edgelist,undirected,mst,0.2,56,151,55,0.36423841059602646,True,True,42.663,56.427,0.0,1.3369704340986108,0.19723895805909963,4.052475502836514,1736656.3798512148,481982.989037063,,0.03571428571428571,,,,,,,,0.10714285714285714,0.07142857142857142,0.17857142857142858,0.23214285714285715,0.08928571428571429,0.14285714285714285,0.08928571428571429,0.05357142857142857,,0.4107142857142857,,,,,,,,,0.2857142857142857,0.23214285714285715,0.07142857142857142,,,,,,0.00040513799831387587,0.011058474003220908
undirected10.edgelist,undirected,t_spanner,0.2,56,151,84,0.5562913907284768,True,True,42.663,48.66,0.0,1.0851631047065677,0.030159022469570612,1.9862181733239899,1736656.3798512148,821211.9796195471,,0.03571428571428571,,,,,,,,0.10714285714285714,0.07142857142857142,0.17857142857142858,0.23214285714285715,0.08928571428571429,0.14285714285714285,0.08928571428571429,0.05357142857142857,,0.125,,,,,,,,,0.21428571428571427,0.32142857142857145,0.21428571428571427,0.125,,,,,0.003947470999264624,0.012192857997433748
undirected11.edgelist,undirected,original,0.2,39,77,,1.0,True,True,47.385999999999996,47.385999999999996,0.0,1.0,0.0,1.0,517834.87765748595,517834.87765748595,0.05128205128205128,,,,,,,,,0.15384615384615385,0.3076923076923077,0.15384615384615385,0.1282051282051282,0.07692307692307693,0.07692307692307693,0.05128205128205128,,,0.05128205128205128,,,,,,,,,0.15384615384615385,0.3076923076923077,0.15384615384615385,0.1282051282051282,0.07692307692307693,0.07692307692307693,0.05128205128205128,,,0.005893645000469405
undirected11.edgelist,undirected,kols,0.2,39,77,38,0.4935064935064935,True,True,47.385999999999996,59.0,0.0,1.1792476571582167,1.3465539433190241,17.759562841530055,517834.87765748595,213918.61826699995,0.05128205128205128,,,,,,,,,0.15384615384615385,0.3076923076923077,0.15384615384615385,0.1282051282051282,0.07692307692307693,0.07692307692307693,0.05128205128205128,,,0.5897435897435898,,,,,,,,,0.1794871794871795,0.10256410256410256,0.02564102564102564,0.02564102564102564,0.07692307692307693,,,,0.0003447250019235071,0.004629484999895794
undirected11.edgelist,undirected,random,0.2,39,77,62,0.8051948051948052,True,False,47.385999999999996,inf,0.05128205128205128,1.3943406025493368,1.9137190553575802,29.74776016540317,517834.87765748595,395251.4785197059,0.05128205128205128,,,,,,,,,0.15384615384615385,0.3076923076923077,0.15384615384615385,0.1282051282051282,0.07692307692307693,0.07692307692307693,0.05128205128205128,,0.02564102564102564,0.1282051282051282,,,,,,,,,0.23076923076923078,0.2564102564102564,0.15384615384615385,0.07692307692307693,0.07692307692307693,0.05128205128205128,,,0.0001356470020255074,0.005113823997817235
undirected11.edgelist,undirected,k_neighbor,0.2,39,77,34,0.44155844155844154,True,False,47.385999999999996,inf,0.835357624831309,2.472472347818822,66.24060638432809,91.42584745762714,517834.87765748595,296148.94711423496,0.05128205128205128,,,,,,,,,0.15384615384615385,0.3076923076923077,0.15384615384615385,0.1282051282051282,0.07692307692307693,0.07692307692307693,0.05128205128205128,,,0.48717948717948717,,,,,,,,,0.3333333333333333,0.1282051282051282,0.05128205128205128,,,,,,0.0003528889974404592,0.0033523220008646604
undirected11.edgelist,undirected,local_degree,0.2,39,77,37,0.4805194805194805,True,False,47.385999999999996,inf,0.30229419703103916,1.5931914246277261,2.733308707435285,33.489317711922816,517834.87765748595,337496.51117321395,0.05128205128205128,,,,,,,,,0.15384615384615385,0.3076923076923077,0.15384615384615385,0.1282051282051282,0.07692307692307693,0.07692307692307693,0.05128205128205128,,,0.6923076923076923,,,,,,,,,0.1282051282051282,0.05128205128205128,0.02564102564102564,0.02564102564102564,0.02564102564102564,,0.05128205128205128,,0.00032388399995397776,0.004219516999000916
undirected11.edgelist,undirected,mst,0.2,39,77,38,0.4935064935064935,True,True,47.385999999999996,68.609,0.0,1.4724462453594211,0.4242872568097825,7.094984911625234,517834.87765748595,193961.53703297404,0.05128205128205128,,,,,,,,,0.15384615384615385,0.3076923076923077,0.15384615384615385,0.1282051282051282,0.07692307692307693,0.07692307692307693,0.05128205128205128,,,0.38461538461538464,,,,,,,,,0.46153846153846156,0.05128205128205128,0.05128205128205128,0.02564102564102564,0.02564102564102564,,,,0.00024124799892888404,0.004811730999790598
undirected11.edgelist,undirected,t_spanner,0.2,39,77,47,0.6103896103896104,True,True,47.385999999999996,49.83800000000001,0.0,1.0508713500562221,0.02080961369788807,1.9979131886477464,517834.87765748595,213477.72694144907,0.05128205128205128,,,,,,,,,0.15384615384615385,0.3076923076923077,0.15384615384615385,0.1282051282051282,0.07692307692307693,0.07692307692307693,0.05128205128205128,,,0.28205128205128205,,,,,,,,,0.358974358974359,0.1794871794871795,0.05128205128205128,0.10256410256410256,0.02564102564102564,,,,0.0013628760025312658,0.005096381999464938
undirected12.edgelist,undirected,original,0.2,69,206,,1.0,True,True,47.709999999999994,47.709999999999994,0.0,1.0,0.0,1.0,2926231.9236722137,2926231.9236722137,,0.014492753623188406,0.014492753623188406,,,,,,,0.014492753623188406,0.057971014492753624,0.2028985507246377,0.14492753623188406,0.2463768115942029,0.07246376811594203,0.14492753623188406,0.08695652173913043,,,0.014492753623188406,0.014492753623188406,,,,,,,0.014492753623188406,0.057971014492753624,0.2028985507246377,0.14492753623188406,0.2463768115942029,0.07246376811594203,0.14492753623188406,0.08695652173913043,,0.10901975899832905
undirected12.edgelist,undirected,kols,0.2,69,206,68,0.3300970873786408,True,True,47.709999999999994,51.0,0.0,1.6094490433956288,17.544917176882613,106.74157303370787,2926231.9236722137,476268.7047519998,,0.014492753623188406,0.014492753623188406,,,,,,,0.014492753623188406,0.057971014492753624,0.2028985507246377,0.14492753623188406,0.2463768115942029,0.07246376811594203,0.14492753623188406,0.08695652173913043,,0.6666666666666666,,,,,,,,,0.08695652173913043,0.10144927536231885,0.043478260869565216,0.028985507246376812,0.014492753623188406,0.043478260869565216,0.014492753623188406,,0.0006037459970684722,0.016744434000429465
undirected12.edgelist,undirected,random,0.2,69,206,165,0.8009708737864077,True,True,47.709999999999994,51.333,0.0,1.2829598008975864,9.674564458860806,148.0514705882353,2926231.9236722137,2328039.4878333155,,0.014492753623188406,0.014492753623188406,,,,,,,0.014492753623188406,0.057971014492753624,0.2028985507246377,0.14492753623188406,0.2463768115942029,0.07246376811594203,0.14492753623188406,0.08695652173913043,,,,,,,,,,,0.07246376811594203,0.2028985507246377,0.2608695652173913,0.08695652173913043,0.2028985507246377,0.08695652173913043,0.057971014492753624,0.028985507246376812,0.00027952999880653806,0.02011313799812342
undirected12.edgelist,undirected,k_neighbor,0.2,69,206,62,0.30097087378640774,True,False,47.709999999999994,inf,0.736999147485081,4.894119315729536,48.45975125620421,115.13545150501673,2926231.9236722137,1315505.864849678,,0.014492753623188406,0.014492753623188406,,,,,,,0.014492753623188406,0.057971014492753624,0.2028985507246377,0.14492753623188406,0.2463768115942029,0.07246376811594203,0.14492753623188406,0.08695652173913043,,0.4927536231884058,,,,,,,,,0.3188405797101449,0.11594202898550725,0.043478260869565216,0.028985507246376812,,,,,0.0006291439967753831,0.012604949002707144
undirected12.edgelist,undirected,local_degree,0.2,69,206,66,0.32038834951456313,True,False,47.709999999999994,inf,0.5959079283887468,2.6971181919997647,29.006791989737735,108.37959866220736,2926231.9236722137,1387813.9285044314,,0.014492753623188406,0.014492753623188406,,,,,,,0.014492753623188406,0.057971014492753624,0.2028985507246377,0.14492753623188406,0.2463768115942029,0.07246376811594203,0.14492753623188406,0.08695652173913043,,0.7391304347826086,,0.014492753623188406,,,,,,,0.08695652173913043,0.028985507246376812,0.043478260869565216,,0.057971014492753624,0.014492753623188406,,0.014492753623188406,0.000656285003060475,0.013441597002383787
undirected12.edgelist,undirected,mst,0.2,69,206,68,0.3300970873786408,True,True,47.709999999999994,101.58800000000002,0.0,1.9665056114852726,0.9278630743799856,9.544820605106288,2926231.9236722137,399092.2619774459,,0.014492753623188406,0.014492753623188406,,,,,,,0.014492753623188406,0.057971014492753624,0.2028985507246377,0.14492753623188406,0.2463768115942029,0.07246376811594203,0.14492753623188406,0.08695652173913043,,0.37681159420289856,,,,,,,,,0.36231884057971014,0.18840579710144928,0.057971014492753624,0.014492753623188406,,,,,0.0005116909997013863,0.01702579899938428
undirected12.edgelist,undirected,t_spanner,0.2,69,206,114,0.5533980582524272,True,True,47.709999999999994,55.061,0.0,1.075417734246416,0.02131310779457398,1.9944023707606189,2926231.9236722137,999861.0412266398,,0.014492753623188406,0.014492753623188406,,,,,,,0.014492753623188406,0.057971014492753624,0.2028985507246377,0.14492753623188406,0.2463768115942029,0.07246376811594203,0.14492753623188406,0.08695652173913043,,0.08695652173913043,,,,,,,,,0.2028985507246377,0.2318840579710145,0.3188405797101449,0.11594202898550725,0.043478260869565216,,,,0.006903440000314731,0.019361390000995016
undirected13.edgelist,undirected,original,0.2,59,156,,1.0,True,True,53.45700000000001,53.45700000000001,0.0,1.0,0.0,1.0,1233581.0177925525,1233581.0177925525,0.01694915254237288,,0.01694915254237288,,,,,,,0.03389830508474576,0.1694915254237288,0.1694915254237288,0.1864406779661017,0.15254237288135594,0.0847457627118644,0.13559322033898305,0.03389830508474576,,0.01694915254237288,,0.01694915254237288,,,,,,,0.03389830508474576,0.1694915254237288,0.1694915254237288,0.1864406779661017,0.15254237288135594,0.0847457627118644,0.13559322033898305,0.03389830508474576,,0.01544337599989376
undirected13.edgelist,undirected,kols,0.2,59,156,58,0.3717948717948718,True,True,53.45700000000001,70.0,0.0,1.8695996266585775,3.3158821342310656,32.871972318339104,1233581.0177925525,466656.141004,0.01694915254237288,,0.01694915254237288,,,,,,,0.03389830508474576,0.1694915254237288,0.1694915254237288,0.1864406779661017,0.15254237288135594,0.0847457627118644,0.13559322033898305,0.03389830508474576,,0.576271186440678,,,,,,,,,0.1864406779661017,0.1016949152542373,0.05084745762711865,0.05084745762711865,,0.01694915254237288,0.01694915254237288,,0.0005222310028329957,0.011930690001463518
undirected13.edgelist,undirected,random,0.2,59,156,124,0.7948717948717948,True,True,53.45700000000001,63.551,0.0,1.6022478341356736,18.036140379686326,169.65853658536588,1233581.0177925525,1079866.9950717,0.01694915254237288,,0.01694915254237288,,,,,,,0.03389830508474576,0.1694915254237288,0.1694915254237288,0.1864406779661017,0.15254237288135594,0.0847457627118644,0.13559322033898305,0.03389830508474576,,0.03389830508474576,,,,,,,,,0.1016949152542373,0.2542372881355932,0.1864406779661017,0.1864406779661017,0.13559322033898305,0.1016949152542373,,,0.00022948600235395133,0.014435743996727979
undirected13.edgelist,undirected,k_neighbor,0.2,59,156,54,0.34615384615384615,True,False,53.45700000000001,inf,0.7773232028053769,4.236180520875339,58.92760309179593,90.94784172661869,1233581.0177925525,669785.4910032171,0.01694915254237288,,0.01694915254237288,,,,,,,0.03389830508474576,0.1694915254237288,0.1694915254237288,0.1864406779661017,0.15254237288135594,0.0847457627118644,0.13559322033898305,0.03389830508474576,,0.4745762711864407,,,,,,,,,0.3389830508474576,0.1016949152542373,0.05084745762711865,0.03389830508474576,,,,,0.000488477002363652,0.008777085997280665
undirected13.edgelist,undirected,local_degree,0.2,59,156,58,0.3717948717948718,True,True,53.45700000000001,100.087,0.0,2.949165603069727,11.103149671234375,73.86151960784315,1233581.0177925525,703262.4151377372,0.01694915254237288,,0.01694915254237288,,,,,,,0.03389830508474576,0.1694915254237288,0.1694915254237288,0.1864406779661017,0.15254237288135594,0.0847457627118644,0.13559322033898305,0.03389830508474576,,0.6101694915254238,,0.01694915254237288,,,,,,,0.1864406779661017,0.06779661016949153,0.0847457627118644,,,0.01694915254237288,0.01694915254237288,,0.0004937470002914779,0.012031131002004258
undirected13.edgelist,undirected,mst,0.2,59,156,58,0.3717948717948718,True,True,53.45700000000001,65.69500000000001,0.0,1.3531282652843386,0.26076783588614133,5.187015503875969,1233581.0177925525,188512.65919544394,0.01694915254237288,,0.01694915254237288,,,,,,,0.03389830508474576,0.1694915254237288,0.1694915254237288,0.1864406779661017,0.15254237288135594,0.0847457627118644,0.13559322033898305,0.03389830508474576,,0.4576271186440678,,,,,,,,,0.23728813559322035,0.2033898305084746,0.0847457627118644,0.01694915254237288,,,,,0.00038727499850210734,0.012081896999006858
undirected13.edgelist,undirected,t_spanner,0.2,59,156,76,0.48717948717948717,True,True,53.45700000000001,55.328,0.0,1.0519633523056742,0.012757363810760636,1.9437682261950047,1233581.0177925525,351564.4059836429,0.01694915254237288,,0.01694915254237288,,,,,,,0.03389830508474576,0.1694915254237288,0.1694915254237288,0.1864406779661017,0.15254237288135594,0.0847457627118644,0.13559322033898305,0.03389830508474576,,0.2033898305084746,,,,,,,,,0.3389830508474576,0.1864406779661017,0.23728813559322035,0.01694915254237288,0.01694915254237288,,,,0.003960624999308493,0.012726150001981296
undirected14.edgelist,undirected,original,0.2,40,70,,1.0,True,True,57.034,57.034,0.0,1.0,0.0,1.0,675791.6565443461,675791.6565443461,0.1,,,,,,,,,0.225,0.25,0.15,0.125,0.075,0.075,,,,0.1,,,,,,,,,0.225,0.25,0.15,0.125,0.075,0.075,,,,0.00552516500101774
undirected14.edgelist,undirected,kols,0.2,40,70,39,0.5571428571428572,True,True,57.034,72.0,0.0,1.7612821974108215,3.9309089469180587,25.583982202447164,675791.6565443461,298136.0869339999,0.1,,,,,,,,,0.225,0.25,0.15,0.125,0.075,0.075,,,,0.55,,,,,,,,,0.175,0.15,0.025,0.1,,,,,0.000333863001287682,0.004642719999537803
undirected14.edgelist,undirected,random,0.2,40,70,57,0.8142857142857143,True,True,57.034,74.702,0.0,1.342427217494743,1.3429174712219152,19.901348747591523,675791.6565443461,543152.2469571551,0.1,,,,,,,,,0.225,0.25,0.15,0.125,0.075,0.075,,,,0.2,,,,,,,,,0.325,0.15,0.2,0.05,0.025,0.05,,,0.00013380399832385592,0.005303052999806823
undirected14.edgelist,undirected,k_neighbor,0.2,40,70,31,0.44285714285714284,True,False,57.034,inf,0.8974358974358975,1.2339272153156813,0.2720712715971435,4.187128259874942,675791.6565443461,341875.9388579969,0.1,,,,,,,,,0.225,0.25,0.15,0.125,0.075,0.075,,,,0.575,,,,,,,,,0.325,0.075,0.025,,,,,,0.00031764300001668744,0.0031503380014328286
undirected14.edgelist,undirected,local_degree,0.2,40,70,38,0.5428571428571428,True,False,57.034,inf,0.5076923076923077,1.479763437450365,1.5357724844355287,18.409948542024015,675791.6565443461,419732.97526255506,0.1,,,,,,,,,0.225,0.25,0.15,0.125,0.075,0.075,,,,0.625,,,,,,,,,0.2,0.05,0.05,,,0.075,,,0.0002934569965873379,0.0038650740025332198
undirected14.edgelist,undirected,mst,0.2,40,70,39,0.5571428571428572,True,True,57.034,108.499,0.0,1.4473076607618545,0.403132373446339,5.326950694112015,675791.6565443461,257011.182119401,0.1,,,,,,,,,0.225,0.25,0.15,0.125,0.075,0.075,,,,0.375,,,,,,,,,0.375,0.175,0.075,,,,,,0.0002643109983182512,0.0047916930016072
undirected14.edgelist,undirected,t_spanner,0.2,40,70,53,0.7571428571428571,True,True,57.034,59.614,0.0,1.0567434898234624,0.017464048254611817,1.945140169092874,675791.6565443461,426518.142871152,0.1,,,,,,,,,0.225,0.25,0.15,0.125,0.075,0.075,,,,0.175,,,,,,,,,0.275,0.35,0.125,0.075,,,,,0.0012979519997315947,0.0051353139970160555
undirected15.edgelist,undirected,original,0.2,57,164,,1.0,True,True,36.797,36.797,0.0,1.0,0.0,1.0,1149245.4016415377,1149245.4016415377,,,,,,,,,,0.08771929824561403,0.05263157894736842,0.14035087719298245,0.14035087719298245,0.22807017543859648,0.14035087719298245,0.08771929824561403,0.12280701754385964,,,,,,,,,,,0.08771929824561403,0.05263157894736842,0.14035087719298245,0.14035087719298245,0.22807017543859648,0.14035087719298245,0.08771929824561403,0.12280701754385964,,0.01479177899818751
undirected15.edgelist,undirected,kols,0.2,57,164,56,0.34146341463414637,True,True,36.797,60.0,0.0,2.2610563083476833,26.917499201999803,155.76323987538942,1149245.4016415377,254898.00461300003,,,,,,,,,,0.08771929824561403,0.05263157894736842,0.14035087719298245,0.14035087719298245,0.22807017543859648,0.14035087719298245,0.08771929824561403,0.12280701754385964,,0.5964912280701754,,,,,,,,,0.17543859649122806,0.08771929824561403,0.07017543859649122,0.017543859649122806,0.017543859649122806,0.017543859649122806,,0.017543859649122806,0.0005016719987906981,0.012150021000707056
undirected15.edgelist,undirected,random,0.2,57,164,130,0.7926829268292683,True,True,36.797,42.735,0.0,1.2288219535849345,0.931200238169497,27.85344827586207,1149245.4016415377,842216.0620637351,,,,,,,,,,0.08771929824561403,0.05263157894736842,0.14035087719298245,0.14035087719298245,0.22807017543859648,0.14035087719298245,0.08771929824561403,0.12280701754385964,,0.03508771929824561,,,,,,,,,0.12280701754385964,0.10526315789473684,0.21052631578947367,0.24561403508771928,0.12280701754385964,0.10526315789473684,0.05263157894736842,,0.00021283400201355107,0.01360276299965335
undirected15.edgelist,undirected,k_neighbor,0.2,57,164,48,0.2926829268292683,True,False,36.797,inf,0.8276942355889725,3.6993313169118966,13.86771227075755,29.12427358068842,1149245.4016415377,442010.18381187995,,,,,,,,,,0.08771929824561403,0.05263157894736842,0.14035087719298245,0.14035087719298245,0.22807017543859648,0.14035087719298245,0.08771929824561403,0.12280701754385964,,0.49122807017543857,,,,,,,,,0.3684210526315789,0.10526315789473684,0.03508771929824561,,,,,,0.0004803020019608084,0.00825206999797956
undirected15.edgelist,undirected,local_degree,0.2,57,164,55,0.3353658536585366,True,False,36.797,inf,0.46365914786967416,2.804501742688844,37.15002063817017,147.46417445482868,1149245.4016415377,558095.8488299338,,,,,,,,,,0.08771929824561403,0.05263157894736842,0.14035087719298245,0.14035087719298245,0.22807017543859648,0.14035087719298245,0.08771929824561403,0.12280701754385964,,0.7192982456140351,,,,,,,,,0.08771929824561403,0.05263157894736842,,0.08771929824561403,,,0.03508771929824561,0.017543859649122806,0.0005143460002727807,0.011148810001031961
undirected15.edgelist,undirected,mst,0.2,57,164,56,0.34146341463414637,True,True,36.797,67.691,0.0,1.4778149248901762,0.3550067491516703,5.458245614035088,1149245.4016415377,167218.39830486593,,,,,,,,,,0.08771929824561403,0.05263157894736842,0.14035087719298245,0.14035087719298245,0.22807017543859648,0.14035087719298245,0.08771929824561403,0.12280701754385964,,0.40350877192982454,,,,,,,,,0.3333333333333333,0.19298245614035087,0.05263157894736842,,0.017543859649122806,,,,0.0003993780010205228,0.011925079001230188
undirected15.edgelist,undirected,t_spanner,0.2,57,164,76,0.4634146341463415,True,True,36.797,42.563,0.0,1.078495038093815,0.0247867645253866,1.963973417278769,1149245.4016415377,243187.04009704996,,,,,,,,,,0.08771929824561403,0.05263157894736842,0.14035087719298245,0.14035087719298245,0.22807017543859648,0.14035087719298245,0.08771929824561403,0.12280701754385964,,0.17543859649122806,,,,,,,,,0.38596491228070173,0.21052631578947367,0.12280701754385964,0.03508771929824561,0.07017543859649122,,,,0.00428598299913574,0.012334437000390608
undirected16.edgelist,undirected,original,0.2,93,410,,1.0,True,True,27.447,27.447,0.0,1.0,0.0,1.0,12993265.607095176,12993265.607095176,,0.16129032258064516,0.10752688172043011,0.06451612903225806,0.043010752688172046,0.021505376344086023,0.03225806451612903,,0.010752688172043012,,0.021505376344086023,0.043010752688172046,0.043010752688172046,0.15053763440860216,0.11827956989247312,0.12903225806451613,0.053763440860215055,,,0.16129032258064516,0.10752688172043011,0.06451612903225806,0.043010752688172046,0.021505376344086023,0.03225806451612903,,0.010752688172043012,,0.021505376344086023,0.043010752688172046,0.043010752688172046,0.15053763440860216,0.11827956989247312,0.12903225806451613,0.053763440860215055,,0.052621966002334375
undirected16.edgelist,undirected,kols,0.2,93,410,92,0.22439024390243903,True,True,27.447,62.0,0.0,2.2867615788472713,20.48373813257928,160.5839416058394,12993265.607095176,1553195.4113699996,,0.16129032258064516,0.10752688172043011,0.06451612903225806,0.043010752688172046,0.021505376344086023,0.03225806451612903,,0.010752688172043012,,0.021505376344086023,0.043010752688172046,0.043010752688172046,0.15053763440860216,0.11827956989247312,0.12903225806451613,0.053763440860215055,,0.7096774193548387,0.021505376344086023,,0.010752688172043012,,,,,,0.11827956989247312,0.03225806451612903,0.043010752688172046,0.021505376344086023,0.010752688172043012,0.021505376344086023,,0.010752688172043012,0.0008737979987927247,0.03670116499779397
undirected16.edgelist,undirected,random,0.2,93,410,327,0.7975609756097561,True,True,27.447,31.207,0.0,1.3772119727040548,3.517545908254625,79.61233480176213,12993265.607095176,10550686.59355816,,0.16129032258064516,0.10752688172043011,0.06451612903225806,0.043010752688172046,0.021505376344086023,0.03225806451612903,,0.010752688172043012,,0.021505376344086023,0.043010752688172046,0.043010752688172046,0.15053763440860216,0.11827956989247312,0.12903225806451613,0.053763440860215055,,,0.07526881720430108,0.03225806451612903,0.021505376344086023,0.010752688172043012,,,0.010752688172043012,,0.010752688172043012,0.053763440860215055,0.13978494623655913,0.10752688172043011,0.11827956989247312,0.13978494623655913,0.12903225806451613,0.15053763440860216,0.0005120819987496361,0.04763723799987929
undirected16.edgelist,undirected,k_neighbor,0.2,93,410,88,0.2146341463414634,True,False,27.447,inf,0.7227676484338476,8.643287729165545,521.410299184366,522.6494023904382,12993265.607095176,3067653.428676121,,0.16129032258064516,0.10752688172043011,0.06451612903225806,0.043010752688172046,0.021505376344086023,0.03225806451612903,,0.010752688172043012,,0.021505376344086023,0.043010752688172046,0.043010752688172046,0.15053763440860216,0.11827956989247312,0.12903225806451613,0.053763440860215055,,0.3978494623655914,,,,,,,,,0.3655913978494624,0.1827956989247312,0.053763440860215055,,,,,,0.0008366779984498862,0.028419588998076506
undirected16.edgelist,undirected,local_degree,0.2,93,410,92,0.22439024390243903,True,True,27.447,104.64899999999999,0.0,5.6890348316065324,176.06972714509763,653.108527131783,12993265.607095176,7652503.78211798,,0.16129032258064516,0.10752688172043011,0.06451612903225806,0.043010752688172046,0.021505376344086023,0.03225806451612903,,0.010752688172043012,,0.021505376344086023,0.043010752688172046,0.043010752688172046,0.15053763440860216,0.11827956989247312,0.12903225806451613,0.053763440860215055,,0.7419354838709677,0.010752688172043012,0.021505376344086023,,,,,,0.010752688172043012,0.0967741935483871,0.053763440860215055,0.03225806451612903,0.010752688172043012,,0.021505376344086023,,,0.0008956499987107236,0.03804481500264956
undirected16.edgelist,undirected,mst,0.2,93,410,92,0.22439024390243903,True,True,27.447,50.896,0.0,1.6772313681661957,0.5595236414096006,6.879546343371139,12993265.607095176,579745.6897072039,,0.16129032258064516,0.10752688172043011,0.06451612903225806,0.043010752688172046,0.021505376344086023,0.03225806451612903,,0.010752688172043012,,0.021505376344086023,0.043010752688172046,0.043010752688172046,0.15053763440860216,0.11827956989247312,0.12903225806451613,0.053763440860215055,,0.41935483870967744,,,,,,,,,0.2903225806451613,0.1935483870967742,0.08602150537634409,0.010752688172043012,,,,,0.0008677760015416425,0.03720588299984229
undirected16.edgelist,undirected,t_spanner,0.2,93,410,133,0.32439024390243903,True,True,27.447,32.191,0.0,1.0651150644664733,0.0184729866924224,1.9794448612153037,12993265.607095176,1329066.9942784721,,0.16129032258064516,0.10752688172043011,0.06451612903225806,0.043010752688172046,0.021505376344086023,0.03225806451612903,,0.010752688172043012,,0.021505376344086023,0.043010752688172046,0.043010752688172046,0.15053763440860216,0.11827956989247312,0.12903225806451613,0.053763440860215055,,0.16129032258064516,,,,,,,,,0.23655913978494625,0.3118279569892473,0.16129032258064516,0.12903225806451613,,,,,0.0181994049999048,0.039048490001732716
undirected17.edgelist,undirected,original,0.2,69,231,,1.0,True,True,41.06,41.06,0.0,1.0,0.0,1.0,3993953.7077293717,3993953.7077293717,0.014492753623188406,0.08695652173913043,0.014492753623188406,0.014492753623188406,,,,,,,0.043478260869565216,0.13043478260869565,0.15942028985507245,0.10144927536231885,0.18840579710144928,0.11594202898550725,0.13043478260869565,,0.014492753623188406,0.08695652173913043,0.014492753623188406,0.014492753623188406,,,,,,,0.043478260869565216,0.13043478260869565,0.15942028985507245,0.10144927536231885,0.18840579710144928,0.11594202898550725,0.13043478260869565,,0.023752252000122098
undirected17.edgelist,undirected,kols,0.2,69,231,68,0.2943722943722944,True,True,41.06,43.0,0.0,1.1529404761021902,4.657810060377494,86.06557377049181,3993953.7077293717,525542.0995489997,0.014492753623188406,0.08695652173913043,0.014492753623188406,0.014492753623188406,,,,,,,0.043478260869565216,0.13043478260869565,0.15942028985507245,0.10144927536231885,0.18840579710144928,0.11594202898550725,0.13043478260869565,,0.6086956521739131,0.014492753623188406,,,,,,,,0.18840579710144928,0.07246376811594203,0.043478260869565216,0.028985507246376812,0.014492753623188406,0.014492753623188406,0.014492753623188406,,0.000592233998759184,0.017374589999235468
undirected17.edgelist,undirected,random,0.2,69,231,184,0.7965367965367965,True,True,41.06,58.616,0.0,1.3018531873789378,0.8988254103292934,35.858823529411765,3993953.7077293717,3249706.6581341303,0.014492753623188406,0.08695652173913043,0.014492753623188406,0.014492753623188406,,,,,,,0.043478260869565216,0.13043478260869565,0.15942028985507245,0.10144927536231885,0.18840579710144928,0.11594202898550725,0.13043478260869565,,0.028985507246376812,0.014492753623188406,,,,,,,,0.043478260869565216,0.17391304347826086,0.13043478260869565,0.14492753623188406,0.18840579710144928,0.10144927536231885,0.10144927536231885,0.07246376811594203,0.0002978750017064158,0.021925827000814024
undirected17.edgelist,undirected,k_neighbor,0.2,69,231,64,0.27705627705627706,True,False,41.06,inf,0.8111679454390451,4.140065927184227,20.444003873598263,48.09388097233864,3993953.7077293717,1480138.1370878087,0.014492753623188406,0.08695652173913043,0.014492753623188406,0.014492753623188406,,,,,,,0.043478260869565216,0.13043478260869565,0.15942028985507245,0.10144927536231885,0.18840579710144928,0.11594202898550725,0.13043478260869565,,0.37681159420289856,,,,,,,,,0.42028985507246375,0.17391304347826086,0.028985507246376812,,,,,,0.0006336530022963416,0.013304486998094944
undirected17.edgelist,undirected,local_degree,0.2,69,231,67,0.29004329004329005,True,False,41.06,inf,0.45098039215686275,2.9421911259126303,23.844986697336132,144.41587301587302,3993953.7077293717,2168582.005769605,0.014492753623188406,0.08695652173913043,0.014492753623188406,0.014492753623188406,,,,,,,0.043478260869565216,0.13043478260869565,0.15942028985507245,0.10144927536231885,0.18840579710144928,0.11594202898550725,0.13043478260869565,,0.7246376811594203,,,0.014492753623188406,,,,,,0.10144927536231885,0.043478260869565216,0.028985507246376812,0.014492753623188406,0.028985507246376812,0.014492753623188406,0.014492753623188406,0.014492753623188406,0.000667426000291016,0.015104671998415142
undirected17.edgelist,undirected,mst,0.2,69,231,68,0.2943722943722944,True,True,41.06,77.565,0.0,1.9987231519940827,1.203114958516178,9.375608936670584,3993953.7077293717,511800.6929497202,0.014492753623188406,0.08695652173913043,0.014492753623188406,0.014492753623188406,,,,,,,0.043478260869565216,0.13043478260869565,0.15942028985507245,0.10144927536231885,0.18840579710144928,0.11594202898550725,0.13043478260869565,,0.42028985507246375,,,,,,,,,0.30434782608695654,0.18840579710144928,0.057971014492753624,0.028985507246376812,,,,,0.000525316998391645,0.0177992169992649
undirected17.edgelist,undirected,t_spanner,0.2,69,231,106,0.4588744588744589,True,True,41.06,43.568,0.0,1.0756520700370444,0.02203140116143962,1.9920235371036286,3993953.7077293717,1172756.3409162208,0.014492753623188406,0.08695652173913043,0.014492753623188406,0.014492753623188406,,,,,,,0.043478260869565216,0.13043478260869565,0.15942028985507245,0.10144927536231885,0.18840579710144928,0.11594202898550725,0.13043478260869565,,0.10144927536231885,,,,,,,,,0.2753623188405797,0.2753623188405797,0.15942028985507245,0.17391304347826086,0.014492753623188406,,,,0.007692967999901157,0.019049187998462003
undirected18.edgelist,undirected,original,0.2,72,248,,1.0,True,True,40.863,40.863,0.0,1.0,0.0,1.0,2858015.2158338623,2858015.2158338623,,,0.05555555555555555,,,,,,,,0.013888888888888888,0.1111111111111111,0.1527777777777778,0.125,0.2222222222222222,0.1527777777777778,0.16666666666666666,,,,0.05555555555555555,,,,,,,,0.013888888888888888,0.1111111111111111,0.1527777777777778,0.125,0.2222222222222222,0.1527777777777778,0.16666666666666666,,0.025571845999365905
undirected18.edgelist,undirected,kols,0.2,72,248,71,0.2862903225806452,True,True,40.863,45.0,0.0,1.3525411569812917,3.4510913656377413,52.083333333333336,2858015.2158338623,268227.3651200001,,,0.05555555555555555,,,,,,,,0.013888888888888888,0.1111111111111111,0.1527777777777778,0.125,0.2222222222222222,0.1527777777777778,0.16666666666666666,,0.6944444444444444,,,,,,,,,0.05555555555555555,0.08333333333333333,0.05555555555555555,0.041666666666666664,0.041666666666666664,,0.013888888888888888,0.013888888888888888,0.0006208779996086378,0.018726736001553945
undirected18.edgelist,undirected,random,0.2,72,248,197,0.7943548387096774,True,True,40.863,48.67,0.0,1.4805262561885788,6.5232557244337235,81.79069767441861,2858015.2158338623,2452744.3632631176,,,0.05555555555555555,,,,,,,,0.013888888888888888,0.1111111111111111,0.1527777777777778,0.125,0.2222222222222222,0.1527777777777778,0.16666666666666666,,,,,,,,,,,0.041666666666666664,0.06944444444444445,0.2222222222222222,0.20833333333333334,0.1388888888888889,0.19444444444444445,0.06944444444444445,0.05555555555555555,0.0003049789993383456,0.023084524997102562
undirected18.edgelist,undirected,k_neighbor,0.2,72,248,64,0.25806451612903225,True,False,40.863,inf,0.8482003129890454,5.035083720257883,109.76322810383259,181.1905626134301,2858015.2158338623,963966.7433644132,,,0.05555555555555555,,,,,,,,0.013888888888888888,0.1111111111111111,0.1527777777777778,0.125,0.2222222222222222,0.1527777777777778,0.16666666666666666,,0.4444444444444444,,,,,,,,,0.375,0.1388888888888889,0.041666666666666664,,,,,,0.0006388930014509242,0.013549903000239283
undirected18.edgelist,undirected,local_degree,0.2,72,248,70,0.28225806451612906,True,False,40.863,inf,0.3658059467918623,3.737795442054471,29.863856729642357,144.88953488372093,2858015.2158338623,1491599.616763506,,,0.05555555555555555,,,,,,,,0.013888888888888888,0.1111111111111111,0.1527777777777778,0.125,0.2222222222222222,0.1527777777777778,0.16666666666666666,,0.6805555555555556,,0.013888888888888888,,,,,,,0.1111111111111111,0.06944444444444445,0.05555555555555555,0.013888888888888888,0.013888888888888888,0.027777777777777776,0.013888888888888888,,0.0006324509995465633,0.01645832100257394
undirected18.edgelist,undirected,mst,0.2,72,248,71,0.2862903225806452,True,True,40.863,69.86600000000001,0.0,1.4818071089798277,0.32420213133178577,5.00559147300367,2858015.2158338623,289682.65743642196,,,0.05555555555555555,,,,,,,,0.013888888888888888,0.1111111111111111,0.1527777777777778,0.125,0.2222222222222222,0.1527777777777778,0.16666666666666666,,0.3888888888888889,,,,,,,,,0.375,0.1388888888888889,0.06944444444444445,0.027777777777777776,,,,,0.0005375299988372717,0.019049318001634674
undirected18.edgelist,undirected,t_spanner,0.2,72,248,108,0.43548387096774194,True,True,40.863,40.863,0.0,1.069689488564716,0.020940581652138565,1.9665589660743137,2858015.2158338623,652073.3426553591,,,0.05555555555555555,,,,,,,,0.013888888888888888,0.1111111111111111,0.1527777777777778,0.125,0.2222222222222222,0.1527777777777778,0.16666666666666666,,0.09722222222222222,,,,,,,,,0.3055555555555556,0.2361111111111111,0.2361111111111111,0.1111111111111111,0.013888888888888888,,,,0.009204326997860335,0.021413284001027932
undirected19.edgelist,undirected,original,0.2,64,187,,1.0,True,True,38.196000000000005,38.196000000000005,0.0,1.0,0.0,1.0,2749066.1735878126,2749066.1735878126,0.03125,0.015625,0.015625,,0.015625,,,,,0.078125,0.09375,0.09375,0.140625,0.15625,0.140625,0.125,0.09375,,0.03125,0.015625,0.015625,,0.015625,,,,,0.078125,0.09375,0.09375,0.140625,0.15625,0.140625,0.125,0.09375,,0.018900205999671016
undirected19.edgelist,undirected,kols,0.2,64,187,63,0.33689839572192515,True,True,38.196000000000005,62.0,0.0,2.27102931426479,14.185821700061156,91.81141439205955,2749066.1735878126,531307.8260019998,0.03125,0.015625,0.015625,,0.015625,,,,,0.078125,0.09375,0.09375,0.140625,0.15625,0.140625,0.125,0.09375,,0.59375,,,,,,,,,0.203125,0.0625,0.046875,0.03125,0.015625,0.03125,0.015625,,0.0005283829996187706,0.014139721999526955
undirected19.edgelist,undirected,random,0.2,64,187,151,0.8074866310160428,True,False,38.196000000000005,inf,0.062003968253968256,1.5746209671789124,5.931893674385137,90.41013824884793,2749066.1735878126,2346024.9735793234,0.03125,0.015625,0.015625,,0.015625,,,,,0.078125,0.09375,0.09375,0.140625,0.15625,0.140625,0.125,0.09375,0.03125,0.0625,,,0.015625,,,,,,0.09375,0.140625,0.140625,0.125,0.140625,0.171875,0.078125,,0.0002707839994400274,0.016715519999706885
undirected19.edgelist,undirected,k_neighbor,0.2,64,187,57,0.3048128342245989,True,False,38.196000000000005,inf,0.6076388888888888,6.77450789076933,136.3565692438956,230.56818181818187,2749066.1735878126,1198110.9701559031,0.03125,0.015625,0.015625,,0.015625,,,,,0.078125,0.09375,0.09375,0.140625,0.15625,0.140625,0.125,0.09375,,0.546875,,,,,,,,,0.21875,0.15625,0.0625,0.015625,,,,,0.0005437820000224747,0.011483380996651249
undirected19.edgelist,undirected,local_degree,0.2,64,187,62,0.3315508021390374,True,False,38.196000000000005,inf,0.28918650793650796,4.155859561792878,74.24983000843494,212.63920454545456,2749066.1735878126,1926954.2261549188,0.03125,0.015625,0.015625,,0.015625,,,,,0.078125,0.09375,0.09375,0.140625,0.15625,0.140625,0.125,0.09375,,0.65625,,,,0.015625,,,,,0.203125,,0.0625,0.015625,0.015625,0.015625,,0.015625,0.000582355001824908,0.013133542001014575
undirected19.edgelist,undirected,mst,0.2,64,187,63,0.33689839572192515,True,True,38.196000000000005,50.86899999999999,0.0,1.5008596228936075,0.34904634844123195,6.1926882441723965,2749066.1735878126,445002.853877674,0.03125,0.015625,0.015625,,0.015625,,,,,0.078125,0.09375,0.09375,0.140625,0.15625,0.140625,0.125,0.09375,,0.40625,,,,,,,,,0.328125,0.203125,0.015625,0.046875,,,,,0.0004489820021262858,0.014934912000171607
undirected19.edgelist,undirected,t_spanner,0.2,64,187,86,0.45989304812834225,True,True,38.196000000000005,41.675,0.0,1.0571726966167112,0.01675419747010294,1.9164497657470068,2749066.1735878126,651968.7186763153,0.03125,0.015625,0.015625,,0.015625,,,,,0.078125,0.09375,0.09375,0.140625,0.15625,0.140625,0.125,0.09375,,0.15625,,,,,,,,,0.296875,0.34375,0.140625,0.03125,0.03125,,,,0.0056256560019392055,0.015576748999592382
undirected2.edgelist,undirected,original,0.2,68,244,,1.0,True,True,31.662,31.662,0.0,1.0,0.0,1.0,4718483.392162478,4718483.392162478,0.014705882352941176,0.07352941176470588,0.014705882352941176,0.04411764705882353,,0.014705882352941176,,,,,0.07352941176470588,0.08823529411764706,0.08823529411764706,0.1323529411764706,0.16176470588235295,0.058823529411764705,0.23529411764705882,,0.014705882352941176,0.07352941176470588,0.014705882352941176,0.04411764705882353,,0.014705882352941176,,,,,0.07352941176470588,0.08823529411764706,0.08823529411764706,0.1323529411764706,0.16176470588235295,0.058823529411764705,0.23529411764705882,,0.024426471998594934
undirected2.edgelist,undirected,kols,0.2,68,244,67,0.27459016393442626,True,True,31.662,66.0,0.0,3.1455844566649045,45.93073173997758,202.8985507246377,4718483.392162478,771868.5723880002,0.014705882352941176,0.07352941176470588,0.014705882352941176,0.04411764705882353,,0.014705882352941176,,,,,0.07352941176470588,0.08823529411764706,0.08823529411764706,0.1323529411764706,0.16176470588235295,0.058823529411764705,0.23529411764705882,,0.6617647058823529,,,,,,,,,0.10294117647058823,0.07352941176470588,0.04411764705882353,0.058823529411764705,0.029411764705882353,0.014705882352941176,,0.014705882352941176,0.0006105280008341651,0.01792196899987175
undirected2.edgelist,undirected,random,0.2,68,244,194,0.7950819672131147,True,True,31.662,33.843,0.0,1.398192573414794,5.072140991035183,91.83116883116882,4718483.392162478,3822543.4073492996,0.014705882352941176,0.07352941176470588,0.014705882352941176,0.04411764705882353,,0.014705882352941176,,,,,0.07352941176470588,0.08823529411764706,0.08823529411764706,0.1323529411764706,0.16176470588235295,0.058823529411764705,0.23529411764705882,,0.014705882352941176,0.014705882352941176,0.014705882352941176,0.014705882352941176,,,,,,0.058823529411764705,0.1323529411764706,0.08823529411764706,0.16176470588235295,0.19117647058823528,0.1323529411764706,0.1323529411764706,0.04411764705882353,0.0002965929998026695,0.0229991140004131
undirected2.edgelist,undirected,k_neighbor,0.2,68,244,64,0.26229508196721313,True,False,31.662,inf,0.29455662862159787,11.015915825072236,999.8641878338759,759.0305343511451,4718483.392162478,1834108.1171564113,0.014705882352941176,0.07352941176470588,0.014705882352941176,0.04411764705882353,,0.014705882352941176,,,,,0.07352941176470588,0.08823529411764706,0.08823529411764706,0.1323529411764706,0.16176470588235295,0.058823529411764705,0.23529411764705882,,0.4411764705882353,,,,,,,,,0.3235294117647059,0.17647058823529413,0.029411764705882353,0.029411764705882353,,,,,0.0006113300005381461,0.016475083997647744
undirected2.edgelist,undirected,local_degree,0.2,68,244,66,0.27049180327868855,True,False,31.662,inf,0.42142230026338895,4.134547095172953,81.60325145169804,171.02307692307696,4718483.392162478,2476250.6092954497,0.014705882352941176,0.07352941176470588,0.014705882352941176,0.04411764705882353,,0.014705882352941176,,,,,0.07352941176470588,0.08823529411764706,0.08823529411764706,0.1323529411764706,0.16176470588235295,0.058823529411764705,0.23529411764705882,,0.7058823529411765,,,,,0.014705882352941176,,,,0.14705882352941177,0.014705882352941176,0.04411764705882353,0.014705882352941176,0.014705882352941176,0.014705882352941176,0.014705882352941176,0.014705882352941176,0.0007068009981594514,0.015537103001406649
undirected2.edgelist,undirected,mst,0.2,68,244,67,0.27459016393442626,True,True,31.662,58.649,0.0,1.584525437376935,0.5604295945424616,7.963552361396304,4718483.392162478,273313.97481629596,0.014705882352941176,0.07352941176470588,0.014705882352941176,0.04411764705882353,,0.014705882352941176,,,,,0.07352941176470588,0.08823529411764706,0.08823529411764706,0.1323529411764706,0.16176470588235295,0.058823529411764705,0.23529411764705882,,0.47058823529411764,,,,,,,,,0.2647058823529412,0.11764705882352941,0.11764705882352941,0.029411764705882353,,,,,0.00055085600251914,0.01811919399915496
undirected2.edgelist,undirected,t_spanner,0.2,68,244,91,0.3729508196721312,True,True,31.662,33.239999999999995,0.0,1.0739580694560178,0.019298000672080703,1.9437600428494912,4718483.392162478,695603.576400769,0.014705882352941176,0.07352941176470588,0.014705882352941176,0.04411764705882353,,0.014705882352941176,,,,,0.07352941176470588,0.08823529411764706,0.08823529411764706,0.1323529411764706,0.16176470588235295,0.058823529411764705,0.23529411764705882,,0.22058823529411764,,,,,,,,,0.27941176470588236,0.23529411764705882,0.14705882352941177,0.10294117647058823,0.014705882352941176,,,,0.007544848001998616,0.019183533997420454
undirected20.edgelist,undirected,original,0.2,57,170,,1.0,True,True,38.285,38.285,0.0,1.0,0.0,1.0,2613029.503795053,2613029.503795053,,0.03508771929824561,0.017543859649122806,,,,,,,,0.07017543859649122,0.17543859649122806,0.22807017543859648,0.17543859649122806,0.15789473684210525,0.05263157894736842,0.08771929824561403,,,0.03508771929824561,0.017543859649122806,,,,,,,,0.07017543859649122,0.17543859649122806,0.22807017543859648,0.17543859649122806,0.15789473684210525,0.05263157894736842,0.08771929824561403,,0.015049810001073638
undirected20.edgelist,undirected,kols,0.2,57,170,56,0.32941176470588235,True,True,38.285,53.0,0.0,2.021844465675718,9.221464200440758,44.44444444444444,2613029.503795053,345008.5341569999,,0.03508771929824561,0.017543859649122806,,,,,,,,0.07017543859649122,0.17543859649122806,0.22807017543859648,0.17543859649122806,0.15789473684210525,0.05263157894736842,0.08771929824561403,,0.6491228070175439,,,,,,,,,0.08771929824561403,0.10526315789473684,0.017543859649122806,0.10526315789473684,0.017543859649122806,0.017543859649122806,,,0.0005396940032369457,0.011464275001344504
undirected20.edgelist,undirected,random,0.2,57,170,136,0.8,True,True,38.285,48.378,0.0,1.381382929331696,0.9046801031403884,14.649289099526067,2613029.503795053,2288605.3354410566,,0.03508771929824561,0.017543859649122806,,,,,,,,0.07017543859649122,0.17543859649122806,0.22807017543859648,0.17543859649122806,0.15789473684210525,0.05263157894736842,0.08771929824561403,,,0.017543859649122806,,,,,,,,0.08771929824561403,0.17543859649122806,0.2807017543859649,0.12280701754385964,0.15789473684210525,0.07017543859649122,0.07017543859649122,0.017543859649122806,0.00023225999757414684,0.014131274998362642
undirected20.edgelist,undirected,k_neighbor,0.2,57,170,54,0.3176470588235294,True,False,38.285,inf,0.6372180451127819,3.9283517817456457,18.530291459687806,43.57648831951771,2613029.503795053,1054737.3353061958,,0.03508771929824561,0.017543859649122806,,,,,,,,0.07017543859649122,0.17543859649122806,0.22807017543859648,0.17543859649122806,0.15789473684210525,0.05263157894736842,0.08771929824561403,,0.47368421052631576,,,,,,,,,0.2807017543859649,0.15789473684210525,0.07017543859649122,,0.017543859649122806,,,,0.0005158690000826027,0.009102612999413395
undirected20.edgelist,undirected,local_degree,0.2,57,170,55,0.3235294117647059,True,False,38.285,inf,0.4824561403508772,3.141701927925886,27.534659911558805,107.88797814207649,2613029.503795053,1109107.4916047172,,0.03508771929824561,0.017543859649122806,,,,,,,,0.07017543859649122,0.17543859649122806,0.22807017543859648,0.17543859649122806,0.15789473684210525,0.05263157894736842,0.08771929824561403,,0.7192982456140351,0.017543859649122806,0.017543859649122806,,,,,,,0.14035087719298245,,0.03508771929824561,0.017543859649122806,0.03508771929824561,0.017543859649122806,,,0.0005467269984364975,0.009684036998805823
undirected20.edgelist,undirected,mst,0.2,57,170,56,0.32941176470588235,True,True,38.285,62.226,0.0,1.400414285130145,0.2856722645769011,4.644766696261222,2613029.503795053,299939.15960359894,,0.03508771929824561,0.017543859649122806,,,,,,,,0.07017543859649122,0.17543859649122806,0.22807017543859648,0.17543859649122806,0.15789473684210525,0.05263157894736842,0.08771929824561403,,0.3508771929824561,,,,,,,,,0.45614035087719296,0.08771929824561403,0.08771929824561403,0.017543859649122806,,,,,0.00044295100087765604,0.01177871100298944
undirected20.edgelist,undirected,t_spanner,0.2,57,170,78,0.4588235294117647,True,True,38.285,42.66,0.0,1.0630253665689995,0.019074754471284344,1.9985324585635356,2613029.503795053,617191.9268486468,,0.03508771929824561,0.017543859649122806,,,,,,,,0.07017543859649122,0.17543859649122806,0.22807017543859648,0.17543859649122806,0.15789473684210525,0.05263157894736842,0.08771929824561403,,0.12280701754385964,,,,,,,,,0.3684210526315789,0.2631578947368421,0.15789473684210525,0.07017543859649122,0.017543859649122806,,,,0.004846996998821851,0.012339126002189005
undirected21.edgelist,undirected,original,0.2,86,343,,1.0,True,True,29.035000000000004,29.035000000000004,0.0,1.0,0.0,1.0,7652481.70253296,7652481.70253296,,0.09302325581395349,0.16279069767441862,0.08139534883720931,0.023255813953488372,,,,,,0.046511627906976744,0.08139534883720931,0.08139534883720931,0.13953488372093023,0.13953488372093023,0.06976744186046512,0.08139534883720931,,,0.09302325581395349,0.16279069767441862,0.08139534883720931,0.023255813953488372,,,,,,0.046511627906976744,0.08139534883720931,0.08139534883720931,0.13953488372093023,0.13953488372093023,0.06976744186046512,0.08139534883720931,,0.04178354000032414
undirected21.edgelist,undirected,kols,0.2,86,343,85,0.2478134110787172,True,True,29.035000000000004,52.0,0.0,2.247223237545565,17.447730225174176,169.81132075471697,7652481.70253296,1179343.0881250002,,0.09302325581395349,0.16279069767441862,0.08139534883720931,0.023255813953488372,,,,,,0.046511627906976744,0.08139534883720931,0.08139534883720931,0.13953488372093023,0.13953488372093023,0.06976744186046512,0.08139534883720931,,0.6511627906976745,0.011627906976744186,,,,,,,,0.11627906976744186,0.10465116279069768,0.03488372093023256,0.023255813953488372,0.023255813953488372,0.011627906976744186,0.023255813953488372,,0.0007772850003675558,0.0302266190010414
undirected21.edgelist,undirected,random,0.2,86,343,271,0.7900874635568513,True,True,29.035000000000004,37.277,0.0,1.4515005117195532,5.754401839943304,92.67195767195767,7652481.70253296,6032276.500552211,,0.09302325581395349,0.16279069767441862,0.08139534883720931,0.023255813953488372,,,,,,0.046511627906976744,0.08139534883720931,0.08139534883720931,0.13953488372093023,0.13953488372093023,0.06976744186046512,0.08139534883720931,,,0.05813953488372093,0.023255813953488372,0.011627906976744186,,,,,,0.011627906976744186,0.12790697674418605,0.1744186046511628,0.08139534883720931,0.13953488372093023,0.12790697674418605,0.11627906976744186,0.12790697674418605,0.0004240549969836138,0.0387122609972721
undirected21.edgelist,undirected,k_neighbor,0.2,86,343,72,0.2099125364431487,True,False,29.035000000000004,inf,0.905061559507524,3.7278928126293356,22.211710352673887,61.07028753993611,7652481.70253296,2468278.9285499505,,0.09302325581395349,0.16279069767441862,0.08139534883720931,0.023255813953488372,,,,,,0.046511627906976744,0.08139534883720931,0.08139534883720931,0.13953488372093023,0.13953488372093023,0.06976744186046512,0.08139534883720931,,0.5465116279069767,,,,,,,,,0.26744186046511625,0.1511627906976744,0.03488372093023256,,,,,,0.0007740790024399757,0.022251135000260547
undirected21.edgelist,undirected,local_degree,0.2,86,343,83,0.24198250728862974,True,False,29.035000000000004,inf,0.6207934336525308,3.7012474457147593,21.810660488632085,84.60526315789473,7652481.70253296,3383149.4300757204,,0.09302325581395349,0.16279069767441862,0.08139534883720931,0.023255813953488372,,,,,,0.046511627906976744,0.08139534883720931,0.08139534883720931,0.13953488372093023,0.13953488372093023,0.06976744186046512,0.08139534883720931,,0.7558139534883721,,,0.011627906976744186,0.011627906976744186,,,,,0.08139534883720931,0.03488372093023256,0.023255813953488372,0.011627906976744186,0.046511627906976744,,0.023255813953488372,,0.0009396130008099135,0.02545352100059972
undirected21.edgelist,undirected,mst,0.2,86,343,85,0.2478134110787172,True,True,29.035000000000004,53.43700000000001,0.0,1.58791667744082,0.5044580415186398,8.154295996401261,7652481.70253296,592572.6305296011,,0.09302325581395349,0.16279069767441862,0.08139534883720931,0.023255813953488372,,,,,,0.046511627906976744,0.08139534883720931,0.08139534883720931,0.13953488372093023,0.13953488372093023,0.06976744186046512,0.08139534883720931,,0.4069767441860465,,,,,,,,,0.3488372093023256,0.13953488372093023,0.06976744186046512,0.03488372093023256,,,,,0.0007004190010775346,0.030753137998544844
undirected21.edgelist,undirected,t_spanner,0.2,86,343,130,0.37900874635568516,True,True,29.035000000000004,34.438,0.0,1.066836704769724,0.01918797902769738,1.9736082474226808,7652481.70253296,1378223.3047078706,,0.09302325581395349,0.16279069767441862,0.08139534883720931,0.023255813953488372,,,,,,0.046511627906976744,0.08139534883720931,0.08139534883720931,0.13953488372093023,0.13953488372093023,0.06976744186046512,0.08139534883720931,,0.12790697674418605,,,,,,,,,0.2558139534883721,0.2558139534883721,0.2441860465116279,0.06976744186046512,0.03488372093023256,0.011627906976744186,,,0.014972252000006847,0.033310200000414625
undirected22.edgelist,undirected,original,0.2,51,132,,1.0,True,True,36.852000000000004,36.852000000000004,0.0,1.0,0.0,1.0,1589618.6371109972,1589618.6371109972,0.0196078431372549,,,,,,,,,0.0784313725490196,0.13725490196078433,0.19607843137254902,0.1568627450980392,0.11764705882352941,0.11764705882352941,0.09803921568627451,0.0784313725490196,,0.0196078431372549,,,,,,,,,0.0784313725490196,0.13725490196078433,0.19607843137254902,0.1568627450980392,0.11764705882352941,0.11764705882352941,0.09803921568627451,0.0784313725490196,,0.011217926999961492
undirected22.edgelist,undirected,kols,0.2,51,132,50,0.3787878787878788,True,True,36.852000000000004,71.0,0.0,2.1294811432675727,29.86531325726839,177.5,1589618.6371109972,371306.41280500015,0.0196078431372549,,,,,,,,,0.0784313725490196,0.13725490196078433,0.19607843137254902,0.1568627450980392,0.11764705882352941,0.11764705882352941,0.09803921568627451,0.0784313725490196,,0.6274509803921569,,,,,,,,,0.09803921568627451,0.11764705882352941,0.0784313725490196,0.0196078431372549,0.0392156862745098,0.0196078431372549,,,0.00042199100062134676,0.009243091000826098
undirected22.edgelist,undirected,random,0.2,51,132,104,0.7878787878787878,True,False,36.852000000000004,inf,0.0392156862745098,1.47092244693925,54.61065461108447,258.83529411764704,1589618.6371109972,1151097.1954207518,0.0196078431372549,,,,,,,,,0.0784313725490196,0.13725490196078433,0.19607843137254902,0.1568627450980392,0.11764705882352941,0.11764705882352941,0.09803921568627451,0.0784313725490196,0.0196078431372549,0.09803921568627451,,,,,,,,,0.13725490196078433,0.19607843137254902,0.13725490196078433,0.11764705882352941,0.1568627450980392,0.0784313725490196,0.0392156862745098,0.0196078431372549,0.00020949700046912767,0.010224762998404913
undirected22.edgelist,undirected,k_neighbor,0.2,51,132,43,0.32575757575757575,True,False,36.852000000000004,inf,0.864313725490196,3.088700033298391,32.586624694719696,59.82731376975169,1589618.6371109972,869395.8225882301,0.0196078431372549,,,,,,,,,0.0784313725490196,0.13725490196078433,0.19607843137254902,0.1568627450980392,0.11764705882352941,0.11764705882352941,0.09803921568627451,0.0784313725490196,,0.5490196078431373,,,,,,,,,0.2549019607843137,0.1568627450980392,0.0392156862745098,,,,,,0.00042458600000827573,0.006448406998970313
undirected22.edgelist,undirected,local_degree,0.2,51,132,48,0.36363636363636365,True,False,36.852000000000004,inf,0.6517647058823529,2.1740362220319143,20.236720401942495,84.00500000000001,1589618.6371109972,764176.034732954,0.0196078431372549,,,,,,,,,0.0784313725490196,0.13725490196078433,0.19607843137254902,0.1568627450980392,0.11764705882352941,0.11764705882352941,0.09803921568627451,0.0784313725490196,,0.7254901960784313,,,,,,,,,0.0784313725490196,0.058823529411764705,0.058823529411764705,,0.0196078431372549,0.0196078431372549,0.0196078431372549,0.0196078431372549,0.0004348959992057644,0.006969746002141619
undirected22.edgelist,undirected,mst,0.2,51,132,50,0.3787878787878788,True,True,36.852000000000004,71.00999999999999,0.0,1.6011347343170588,0.7155298739845131,6.916666666666666,1589618.6371109972,375800.01529330487,0.0196078431372549,,,,,,,,,0.0784313725490196,0.13725490196078433,0.19607843137254902,0.1568627450980392,0.11764705882352941,0.11764705882352941,0.09803921568627451,0.0784313725490196,,0.39215686274509803,,,,,,,,,0.35294117647058826,0.19607843137254902,0.0392156862745098,,0.0196078431372549,,,,0.0003707729993038811,0.009159911998722237
undirected22.edgelist,undirected,t_spanner,0.2,51,132,64,0.48484848484848486,True,True,36.852000000000004,41.65,0.0,1.0884260848700182,0.026630753652049262,1.9742405516164707,1589618.6371109972,514523.53727467306,0.0196078431372549,,,,,,,,,0.0784313725490196,0.13725490196078433,0.19607843137254902,0.1568627450980392,0.11764705882352941,0.11764705882352941,0.09803921568627451,0.0784313725490196,,0.1568627450980392,,,,,,,,,0.4117647058823529,0.2549019607843137,0.13725490196078433,0.0196078431372549,0.0196078431372549,,,,0.0032145999975909945,0.00948293499823194
undirected23.edgelist,undirected,original,0.2,25,34,,1.0,True,True,94.06700000000001,94.06700000000001,0.0,1.0,0.0,1.0,53125.418173948005,53125.418173948005,0.04,,,,,,,,,0.4,0.4,0.12,0.04,,,,,,0.04,,,,,,,,,0.4,0.4,0.12,0.04,,,,,,0.002087310997012537
undirected23.edgelist,undirected,kols,0.2,25,34,24,0.7058823529411765,True,True,94.06700000000001,101.0,0.0,1.9505526866093021,27.33020730183814,88.69179600886918,53125.418173948005,41966.57276,0.04,,,,,,,,,0.4,0.4,0.12,0.04,,,,,,0.4,,,,,,,,,0.32,0.24,0.04,,,,,,0.00023341300038737245,0.0017812510013754945
undirected23.edgelist,undirected,random,0.2,25,34,29,0.8529411764705882,True,False,94.06700000000001,inf,0.08,1.171089131788369,0.0908069301804499,2.929036802253918,53125.418173948005,48256.62118947701,0.04,,,,,,,,,0.4,0.4,0.12,0.04,,,,,0.04,0.12,,,,,,,,,0.44,0.28,0.12,,,,,,9.089299783227034e-05,0.0018334390006202739
undirected23.edgelist,undirected,k_neighbor,0.2,25,34,19,0.5588235294117647,True,False,94.06700000000001,inf,0.8366666666666667,2.7268294547973557,79.77325097680428,64.37250554323725,53125.418173948005,42256.292894283004,0.04,,,,,,,,,0.4,0.4,0.12,0.04,,,,,,0.56,,,,,,,,,0.36,0.08,,,,,,,0.00024006500098039396,0.0012373680001473986
undirected23.edgelist,undirected,local_degree,0.2,25,34,22,0.6470588235294118,True,False,94.06700000000001,inf,0.5733333333333334,1.2520476501907656,0.565949395969368,6.616615853658535,53125.418173948005,45299.399376172,0.04,,,,,,,,,0.4,0.4,0.12,0.04,,,,,,0.52,,,,,,,,,0.32,0.08,0.04,0.04,,,,,0.0002277630010212306,0.0015022210027382243
undirected23.edgelist,undirected,mst,0.2,25,34,24,0.7058823529411765,True,True,94.06700000000001,122.229,0.0,1.2365426621703424,0.16759169213421907,3.9907372870819353,53125.418173948005,32615.269823603,0.04,,,,,,,,,0.4,0.4,0.12,0.04,,,,,,0.32,,,,,,,,,0.48,0.16,0.04,,,,,,0.00017033299809554592,0.001829051001550397
undirected23.edgelist,undirected,t_spanner,0.2,25,34,31,0.9117647058823529,True,True,94.06700000000001,104.717,0.0,1.021194807697191,0.008553949669536721,1.8174092788240699,53125.418173948005,48602.475174568004,0.04,,,,,,,,,0.4,0.4,0.12,0.04,,,,,,0.16,,,,,,,,,0.36,0.32,0.16,,,,,,0.00045854000200051814,0.0019584760011639446
undirected24.edgelist,undirected,original,0.2,56,149,,1.0,True,True,46.857,46.857,0.0,1.0,0.0,1.0,1471310.9389122496,1471310.9389122496,0.017857142857142856,,,,,,,,,0.017857142857142856,0.16071428571428573,0.14285714285714285,0.19642857142857142,0.16071428571428573,0.21428571428571427,0.03571428571428571,0.05357142857142857,,0.017857142857142856,,,,,,,,,0.017857142857142856,0.16071428571428573,0.14285714285714285,0.19642857142857142,0.16071428571428573,0.21428571428571427,0.03571428571428571,0.05357142857142857,,0.013510478001990123
undirected24.edgelist,undirected,kols,0.2,56,149,55,0.3691275167785235,True,True,46.857,51.0,0.0,1.4637294707111583,3.52951682396291,46.13466334164588,1471310.9389122496,409645.553285,0.017857142857142856,,,,,,,,,0.017857142857142856,0.16071428571428573,0.14285714285714285,0.19642857142857142,0.16071428571428573,0.21428571428571427,0.03571428571428571,0.05357142857142857,,0.6428571428571429,,,,,,,,,0.08928571428571429,0.08928571428571429,0.08928571428571429,0.03571428571428571,0.03571428571428571,0.017857142857142856,,,0.0005347450023691636,0.011063114001444774
undirected24.edgelist,undirected,random,0.2,56,149,118,0.7919463087248322,True,False,46.857,inf,0.03571428571428571,1.1847817296410081,0.16012024277013961,5.4421033345547825,1471310.9389122496,1076900.7517820608,0.017857142857142856,,,,,,,,,0.017857142857142856,0.16071428571428573,0.14285714285714285,0.19642857142857142,0.16071428571428573,0.21428571428571427,0.03571428571428571,0.05357142857142857,0.017857142857142856,0.07142857142857142,,,,,,,,,0.08928571428571429,0.08928571428571429,0.32142857142857145,0.19642857142857142,0.10714285714285714,0.07142857142857142,0.03571428571428571,,0.00023118899844121188,0.012383668999973452
undirected24.edgelist,undirected,k_neighbor,0.2,56,149,49,0.3288590604026846,True,False,46.857,inf,0.6298701298701299,4.536895000763523,22.891692942915586,53.94662309368192,1471310.9389122496,661164.3501063201,0.017857142857142856,,,,,,,,,0.017857142857142856,0.16071428571428573,0.14285714285714285,0.19642857142857142,0.16071428571428573,0.21428571428571427,0.03571428571428571,0.05357142857142857,,0.48214285714285715,,,,,,,,,0.32142857142857145,0.16071428571428573,0.03571428571428571,,,,,,0.0005018919982830994,0.008453530997940106
undirected24.edgelist,undirected,local_degree,0.2,56,149,54,0.3624161073825503,True,False,46.857,inf,0.4857142857142857,2.5790862085174067,15.188326078651606,83.63492063492065,1471310.9389122496,642378.3826596561,0.017857142857142856,,,,,,,,,0.017857142857142856,0.16071428571428573,0.14285714285714285,0.19642857142857142,0.16071428571428573,0.21428571428571427,0.03571428571428571,0.05357142857142857,,0.6785714285714286,,,,,,,,,0.125,0.05357142857142857,0.05357142857142857,,0.03571428571428571,0.017857142857142856,0.03571428571428571,,0.00047919899952830747,0.00897379999878467
undirected24.edgelist,undirected,mst,0.2,56,149,55,0.3691275167785235,True,True,46.857,65.78,0.0,1.4827421865897712,0.2833517289627104,4.868527199389513,1471310.9389122496,293444.0691182712,0.017857142857142856,,,,,,,,,0.017857142857142856,0.16071428571428573,0.14285714285714285,0.19642857142857142,0.16071428571428573,0.21428571428571427,0.03571428571428571,0.05357142857142857,,0.39285714285714285,,,,,,,,,0.35714285714285715,0.17857142857142858,0.03571428571428571,0.03571428571428571,,,,,0.0004261680005583912,0.011007047000020975
undirected24.edgelist,undirected,t_spanner,0.2,56,149,86,0.5771812080536913,True,True,46.857,47.235,0.0,1.0816453944186486,0.025230333817833635,1.989331609148954,1471310.9389122496,661778.950287692,0.017857142857142856,,,,,,,,,0.017857142857142856,0.16071428571428573,0.14285714285714285,0.19642857142857142,0.16071428571428573,0.21428571428571427,0.03571428571428571,0.05357142857142857,,0.05357142857142857,,,,,,,,,0.2857142857142857,0.32142857142857145,0.23214285714285715,0.08928571428571429,0.017857142857142856,,,,0.004282217003492406,0.012225008002133109
undirected25.edgelist,undirected,original,0.2,72,259,,1.0,True,True,44.091,44.091,0.0,1.0,0.0,1.0,3662761.8842541426,3662761.8842541426,,0.1111111111111111,0.027777777777777776,0.041666666666666664,,,,,,,0.06944444444444445,0.06944444444444445,0.09722222222222222,0.1388888888888889,0.2222222222222222,0.08333333333333333,0.1388888888888889,,,0.1111111111111111,0.027777777777777776,0.041666666666666664,,,,,,,0.06944444444444445,0.06944444444444445,0.09722222222222222,0.1388888888888889,0.2222222222222222,0.08333333333333333,0.1388888888888889,,0.02773968099791091
undirected25.edgelist,undirected,kols,0.2,72,259,71,0.27413127413127414,True,True,44.091,49.0,0.0,1.916909106737478,7.714871150542143,52.56570713391739,3662761.8842541426,650114.9831149997,,0.1111111111111111,0.027777777777777776,0.041666666666666664,,,,,,,0.06944444444444445,0.06944444444444445,0.09722222222222222,0.1388888888888889,0.2222222222222222,0.08333333333333333,0.1388888888888889,,0.6805555555555556,,,,,,,,,0.08333333333333333,0.1111111111111111,0.027777777777777776,0.027777777777777776,,0.027777777777777776,0.027777777777777776,0.013888888888888888,0.0006651929979852866,0.02024250300019048
undirected25.edgelist,undirected,random,0.2,72,259,205,0.7915057915057915,True,True,44.091,44.091,0.0,1.415599027821633,2.804464001641342,63.83802816901409,3662761.8842541426,3110318.3956748913,,0.1111111111111111,0.027777777777777776,0.041666666666666664,,,,,,,0.06944444444444445,0.06944444444444445,0.09722222222222222,0.1388888888888889,0.2222222222222222,0.08333333333333333,0.1388888888888889,,0.013888888888888888,0.013888888888888888,,,,,,,,0.041666666666666664,0.09722222222222222,0.125,0.20833333333333334,0.16666666666666666,0.125,0.125,0.08333333333333333,0.0003386230018804781,0.025510338997264626
undirected25.edgelist,undirected,k_neighbor,0.2,72,259,64,0.2471042471042471,True,False,44.091,inf,0.7965571205007824,6.817741515197637,214.0385987043929,301.4794238683128,3662761.8842541426,1539289.8281399382,,0.1111111111111111,0.027777777777777776,0.041666666666666664,,,,,,,0.06944444444444445,0.06944444444444445,0.09722222222222222,0.1388888888888889,0.2222222222222222,0.08333333333333333,0.1388888888888889,,0.4166666666666667,,,,,,,,,0.4027777777777778,0.16666666666666666,0.013888888888888888,,,,,,0.0006599819971597753,0.015372852998552844
undirected25.edgelist,undirected,local_degree,0.2,72,259,71,0.27413127413127414,True,True,44.091,107.429,0.0,4.243112604671538,40.408161003367795,146.60328638497654,3662761.8842541426,1780261.3822153737,,0.1111111111111111,0.027777777777777776,0.041666666666666664,,,,,,,0.06944444444444445,0.06944444444444445,0.09722222222222222,0.1388888888888889,0.2222222222222222,0.08333333333333333,0.1388888888888889,,0.7361111111111112,,0.027777777777777776,0.013888888888888888,,,,,,0.09722222222222222,0.05555555555555555,0.013888888888888888,0.013888888888888888,0.027777777777777776,,0.013888888888888888,,0.0006785280020267237,0.020491896000748966
undirected25.edgelist,undirected,mst,0.2,72,259,71,0.27413127413127414,True,True,44.091,59.82,0.0,1.531385421687959,0.4974810212132969,7.288681402439024,3662761.8842541426,374030.0693551799,,0.1111111111111111,0.027777777777777776,0.041666666666666664,,,,,,,0.06944444444444445,0.06944444444444445,0.09722222222222222,0.1388888888888889,0.2222222222222222,0.08333333333333333,0.1388888888888889,,0.4444444444444444,,,,,,,,,0.3055555555555556,0.1388888888888889,0.08333333333333333,,0.027777777777777776,,,,0.0005496529993251897,0.020116494000831153
undirected25.edgelist,undirected,t_spanner,0.2,72,259,107,0.41312741312741313,True,True,44.091,46.684999999999995,0.0,1.0655879867774978,0.018715840639721964,1.9514542570068747,3662761.8842541426,768907.557970115,,0.1111111111111111,0.027777777777777776,0.041666666666666664,,,,,,,0.06944444444444445,0.06944444444444445,0.09722222222222222,0.1388888888888889,0.2222222222222222,0.08333333333333333,0.1388888888888889,,0.1388888888888889,,,,,,,,,0.2361111111111111,0.3055555555555556,0.2222222222222222,0.041666666666666664,0.041666666666666664,0.013888888888888888,,,0.009140925998508465,0.021677856999303913
undirected3.edgelist,undirected,original,0.2,57,164,,1.0,True,True,38.59100000000001,38.59100000000001,0.0,1.0,0.0,1.0,2121588.5218784437,2121588.5218784437,0.017543859649122806,0.03508771929824561,0.017543859649122806,,,,,,,,0.08771929824561403,0.10526315789473684,0.2631578947368421,0.2631578947368421,0.08771929824561403,0.10526315789473684,0.017543859649122806,,0.017543859649122806,0.03508771929824561,0.017543859649122806,,,,,,,,0.08771929824561403,0.10526315789473684,0.2631578947368421,0.2631578947368421,0.08771929824561403,0.10526315789473684,0.017543859649122806,,0.014472361999651184
undirected3.edgelist,undirected,kols,0.2,57,164,56,0.34146341463414637,True,True,38.59100000000001,86.0,0.0,2.6569575166068318,13.21141580122407,62.5,2121588.5218784437,748372.5162839999,0.017543859649122806,0.03508771929824561,0.017543859649122806,,,,,,,,0.08771929824561403,0.10526315789473684,0.2631578947368421,0.2631578947368421,0.08771929824561403,0.10526315789473684,0.017543859649122806,,0.6140350877192983,,,,,,,,,0.14035087719298245,0.08771929824561403,0.05263157894736842,0.07017543859649122,0.017543859649122806,,0.017543859649122806,,0.0004971029993612319,0.011412245999963488
undirected3.edgelist,undirected,random,0.2,57,164,130,0.7926829268292683,True,True,38.59100000000001,48.979,0.0,1.3305905645370322,0.9656195083108376,25.294536817102138,2121588.5218784437,1775232.5083818051,0.017543859649122806,0.03508771929824561,0.017543859649122806,,,,,,,,0.08771929824561403,0.10526315789473684,0.2631578947368421,0.2631578947368421,0.08771929824561403,0.10526315789473684,0.017543859649122806,,0.017543859649122806,0.017543859649122806,,,,,,,,0.07017543859649122,0.21052631578947367,0.2807017543859649,0.12280701754385964,0.15789473684210525,0.08771929824561403,0.017543859649122806,0.017543859649122806,0.00022934499793336727,0.013926407998951618
undirected3.edgelist,undirected,k_neighbor,0.2,57,164,52,0.3170731707317073,True,False,38.59100000000001,inf,0.6835839598997494,3.9908797159361415,36.436487272831876,100.20183486238533,2121588.5218784437,911558.0549127909,0.017543859649122806,0.03508771929824561,0.017543859649122806,,,,,,,,0.08771929824561403,0.10526315789473684,0.2631578947368421,0.2631578947368421,0.08771929824561403,0.10526315789473684,0.017543859649122806,,0.47368421052631576,,,,,,,,,0.2982456140350877,0.19298245614035087,0.017543859649122806,,0.017543859649122806,,,,0.0005413069993664976,0.00884017499993206
undirected3.edgelist,undirected,local_degree,0.2,57,164,54,0.32926829268292684,True,False,38.59100000000001,inf,0.6704260651629073,2.2948991511632952,6.447191693100186,41.006437768240346,2121588.5218784437,1543166.5480530688,0.017543859649122806,0.03508771929824561,0.017543859649122806,,,,,,,,0.08771929824561403,0.10526315789473684,0.2631578947368421,0.2631578947368421,0.08771929824561403,0.10526315789473684,0.017543859649122806,,0.6491228070175439,0.017543859649122806,0.017543859649122806,,,,,,,0.21052631578947367,0.05263157894736842,0.017543859649122806,0.017543859649122806,,,0.017543859649122806,,0.0005139659988344647,0.008874521001416724
undirected3.edgelist,undirected,mst,0.2,57,164,56,0.34146341463414637,True,True,38.59100000000001,63.428000000000004,0.0,1.4673096607000862,0.3270750238846038,5.21602465331279,2121588.5218784437,322799.366079091,0.017543859649122806,0.03508771929824561,0.017543859649122806,,,,,,,,0.08771929824561403,0.10526315789473684,0.2631578947368421,0.2631578947368421,0.08771929824561403,0.10526315789473684,0.017543859649122806,,0.3157894736842105,,,,,,,,,0.45614035087719296,0.17543859649122806,0.05263157894736842,,,,,,0.0004015019985672552,0.011555918998055859
undirected3.edgelist,undirected,t_spanner,0.2,57,164,83,0.5060975609756098,True,True,38.59100000000001,40.397000000000006,0.0,1.0690359833204885,0.02241296155005417,1.9845632194164362,2121588.5218784437,560277.291384306,0.017543859649122806,0.03508771929824561,0.017543859649122806,,,,,,,,0.08771929824561403,0.10526315789473684,0.2631578947368421,0.2631578947368421,0.08771929824561403,0.10526315789473684,0.017543859649122806,,0.05263157894736842,,,,,,,,,0.3333333333333333,0.3333333333333333,0.21052631578947367,0.07017543859649122,,,,,0.004553732000204036,0.0125251079989539
undirected4.edgelist,undirected,original,0.2,83,339,,1.0,True,True,31.186999999999998,31.186999999999998,0.0,1.0,0.0,1.0,5258836.051005237,5258836.051005237,,0.10843373493975904,0.08433734939759036,0.060240963855421686,0.012048192771084338,0.012048192771084338,,,,,0.024096385542168676,0.03614457831325301,0.08433734939759036,0.0963855421686747,0.14457831325301204,0.1566265060240964,0.18072289156626506,,,0.10843373493975904,0.08433734939759036,0.060240963855421686,0.012048192771084338,0.012048192771084338,,,,,0.024096385542168676,0.03614457831325301,0.08433734939759036,0.0963855421686747,0.14457831325301204,0.1566265060240964,0.18072289156626506,,0.04029585700118332
undirected4.edgelist,undirected,kols,0.2,83,339,82,0.24188790560471976,True,True,31.186999999999998,48.0,0.0,1.9164405788757493,10.808992188524183,128.2051282051282,5258836.051005237,692262.21597,,0.10843373493975904,0.08433734939759036,0.060240963855421686,0.012048192771084338,0.012048192771084338,,,,,0.024096385542168676,0.03614457831325301,0.08433734939759036,0.0963855421686747,0.14457831325301204,0.1566265060240964,0.18072289156626506,,0.6746987951807228,,0.012048192771084338,,,,,,,0.0963855421686747,0.0963855421686747,0.03614457831325301,0.03614457831325301,0.012048192771084338,0.012048192771084338,0.012048192771084338,0.012048192771084338,0.0007948489983391482,0.028291447000810876
undirected4.edgelist,undirected,random,0.2,83,339,268,0.7905604719764012,True,True,31.186999999999998,34.733,0.0,1.3245934909702202,1.1535044475344638,32.215328467153284,5258836.051005237,4128962.949261172,,0.10843373493975904,0.08433734939759036,0.060240963855421686,0.012048192771084338,0.012048192771084338,,,,,0.024096385542168676,0.03614457831325301,0.08433734939759036,0.0963855421686747,0.14457831325301204,0.1566265060240964,0.18072289156626506,,0.012048192771084338,0.04819277108433735,0.024096385542168676,,,,,,,0.012048192771084338,0.07228915662650602,0.13253012048192772,0.0963855421686747,0.1686746987951807,0.18072289156626506,0.10843373493975904,0.14457831325301204,0.0004149069973209407,0.03723869499663124
undirected4.edgelist,undirected,k_neighbor,0.2,83,339,77,0.22713864306784662,True,False,31.186999999999998,inf,0.5474581251836614,12.198243230350883,304.30167960261883,346.7884615384615,5258836.051005237,1822958.7679948427,,0.10843373493975904,0.08433734939759036,0.060240963855421686,0.012048192771084338,0.012048192771084338,,,,,0.024096385542168676,0.03614457831325301,0.08433734939759036,0.0963855421686747,0.14457831325301204,0.1566265060240964,0.18072289156626506,,0.4819277108433735,,,,,,,,,0.25301204819277107,0.20481927710843373,0.04819277108433735,0.012048192771084338,,,,,0.0008040760003495961,0.02403762399990228
undirected4.edgelist,undirected,local_degree,0.2,83,339,82,0.24188790560471976,True,True,31.186999999999998,103.24900000000002,0.0,4.990533040985142,42.05369695000587,173.66544117647058,5258836.051005237,2727216.1885796357,,0.10843373493975904,0.08433734939759036,0.060240963855421686,0.012048192771084338,0.012048192771084338,,,,,0.024096385542168676,0.03614457831325301,0.08433734939759036,0.0963855421686747,0.14457831325301204,0.1566265060240964,0.18072289156626506,,0.7228915662650602,,0.012048192771084338,,,0.012048192771084338,,,,0.12048192771084337,0.03614457831325301,0.03614457831325301,,0.012048192771084338,,0.04819277108433735,,0.0008095070006675087,0.02859077500033891
undirected4.edgelist,undirected,mst,0.2,83,339,82,0.24188790560471976,True,True,31.186999999999998,53.44300000000001,0.0,1.6650427670415848,0.5024367680334204,6.839766606822262,5258836.051005237,337971.20099793177,,0.10843373493975904,0.08433734939759036,0.060240963855421686,0.012048192771084338,0.012048192771084338,,,,,0.024096385542168676,0.03614457831325301,0.08433734939759036,0.0963855421686747,0.14457831325301204,0.1566265060240964,0.18072289156626506,,0.40963855421686746,,,,,,,,,0.3373493975903614,0.14457831325301204,0.08433734939759036,0.024096385542168676,,,,,0.0007157079999160487,0.028368603998387698
undirected4.edgelist,undirected,t_spanner,0.2,83,339,114,0.336283185840708,True,True,31.186999999999998,37.04,0.0,1.0856909048104113,0.02334854378852409,1.9798657718120805,5258836.051005237,646362.078666808,,0.10843373493975904,0.08433734939759036,0.060240963855421686,0.012048192771084338,0.012048192771084338,,,,,0.024096385542168676,0.03614457831325301,0.08433734939759036,0.0963855421686747,0.14457831325301204,0.1566265060240964,0.18072289156626506,,0.1566265060240964,,,,,,,,,0.2891566265060241,0.30120481927710846,0.1686746987951807,0.07228915662650602,0.012048192771084338,,,,0.013882994000596227,0.030262176998803625
undirected5.edgelist,undirected,original,0.2,88,385,,1.0,True,True,41.506,41.506,0.0,1.0,0.0,1.0,10591607.131849825,10591607.131849825,0.022727272727272728,0.10227272727272728,0.125,0.022727272727272728,0.045454545454545456,0.022727272727272728,0.011363636363636364,0.022727272727272728,,0.011363636363636364,,0.03409090909090909,0.03409090909090909,0.10227272727272728,0.10227272727272728,0.11363636363636363,0.22727272727272727,,0.022727272727272728,0.10227272727272728,0.125,0.022727272727272728,0.045454545454545456,0.022727272727272728,0.011363636363636364,0.022727272727272728,,0.011363636363636364,,0.03409090909090909,0.03409090909090909,0.10227272727272728,0.10227272727272728,0.11363636363636363,0.22727272727272727,,0.04747438900085399
undirected5.edgelist,undirected,kols,0.2,88,385,87,0.22597402597402597,True,True,41.506,63.0,0.0,2.250610042295229,5.644788204480857,55.8213716108453,10591607.131849825,1845035.2536080005,0.022727272727272728,0.10227272727272728,0.125,0.022727272727272728,0.045454545454545456,0.022727272727272728,0.011363636363636364,0.022727272727272728,,0.011363636363636364,,0.03409090909090909,0.03409090909090909,0.10227272727272728,0.10227272727272728,0.11363636363636363,0.22727272727272727,,0.7045454545454546,0.011363636363636364,0.022727272727272728,,,,,,,0.10227272727272728,0.03409090909090909,0.07954545454545454,0.022727272727272728,0.011363636363636364,,,0.011363636363636364,0.0008269890022347681,0.03374661899943021
undirected5.edgelist,undirected,random,0.2,88,385,305,0.7922077922077922,True,False,41.506,inf,0.04519331243469175,1.4050308771632165,1.3185611134854942,31.27910685805423,10591607.131849825,7997355.835294933,0.022727272727272728,0.10227272727272728,0.125,0.022727272727272728,0.045454545454545456,0.022727272727272728,0.011363636363636364,0.022727272727272728,,0.011363636363636364,,0.03409090909090909,0.03409090909090909,0.10227272727272728,0.10227272727272728,0.11363636363636363,0.22727272727272727,0.022727272727272728,,0.06818181818181818,0.022727272727272728,0.045454545454545456,,,,,,0.011363636363636364,0.011363636363636364,0.07954545454545454,0.10227272727272728,0.2159090909090909,0.18181818181818182,0.14772727272727273,0.09090909090909091,0.00046386100075324066,0.042530948001513025
undirected5.edgelist,undirected,k_neighbor,0.2,88,385,80,0.2077922077922078,True,False,41.506,inf,0.8236677115987461,5.879219959505619,68.83284894830366,120.62756598240472,10591607.131849825,3450439.869935278,0.022727272727272728,0.10227272727272728,0.125,0.022727272727272728,0.045454545454545456,0.022727272727272728,0.011363636363636364,0.022727272727272728,,0.011363636363636364,,0.03409090909090909,0.03409090909090909,0.10227272727272728,0.10227272727272728,0.11363636363636363,0.22727272727272727,,0.4431818181818182,,,,,,,,,0.3522727272727273,0.14772727272727273,0.056818181818181816,,,,,,0.0007933960005175322,0.02552782299972023
undirected5.edgelist,undirected,local_degree,0.2,88,385,84,0.21818181818181817,True,False,41.506,inf,0.6810344827586207,3.2709097365679725,14.540976023682907,55.23020257826887,10591607.131849825,4871983.019537063,0.022727272727272728,0.10227272727272728,0.125,0.022727272727272728,0.045454545454545456,0.022727272727272728,0.011363636363636364,0.022727272727272728,,0.011363636363636364,,0.03409090909090909,0.03409090909090909,0.10227272727272728,0.10227272727272728,0.11363636363636363,0.22727272727272727,,0.8181818181818182,,,,0.011363636363636364,,,0.011363636363636364,,0.045454545454545456,0.022727272727272728,0.011363636363636364,0.011363636363636364,0.022727272727272728,0.022727272727272728,,0.022727272727272728,0.0008847589997458272,0.026918411000224296
undirected5.edgelist,undirected,mst,0.2,88,385,87,0.22597402597402597,True,True,41.506,58.040000000000006,0.0,1.7513819947268572,0.7610093248568681,7.451383399209487,10591607.131849825,1034165.4321589441,0.022727272727272728,0.10227272727272728,0.125,0.022727272727272728,0.045454545454545456,0.022727272727272728,0.011363636363636364,0.022727272727272728,,0.011363636363636364,,0.03409090909090909,0.03409090909090909,0.10227272727272728,0.10227272727272728,0.11363636363636363,0.22727272727272727,,0.4318181818181818,,,,,,,,,0.25,0.25,0.045454545454545456,0.022727272727272728,,,,,0.0007581790014228318,0.03430378600023687
undirected5.edgelist,undirected,t_spanner,0.2,88,385,124,0.3220779220779221,True,True,41.506,41.95,0.0,1.0586739622183978,0.015941004144412296,1.9977592335033227,10591607.131849825,1411977.5353279707,0.022727272727272728,0.10227272727272728,0.125,0.022727272727272728,0.045454545454545456,0.022727272727272728,0.011363636363636364,0.022727272727272728,,0.011363636363636364,,0.03409090909090909,0.03409090909090909,0.10227272727272728,0.10227272727272728,0.11363636363636363,0.22727272727272727,,0.1590909090909091,,,,,,,,,0.2840909090909091,0.25,0.2159090909090909,0.07954545454545454,,0.011363636363636364,,,0.01746100400123396,0.03806973199971253
undirected6.edgelist,undirected,original,0.2,32,50,,1.0,True,True,51.56400000000001,51.56400000000001,0.0,1.0,0.0,1.0,348798.431711384,348798.431711384,0.125,,,,,,,,,0.28125,0.34375,,0.15625,0.03125,0.0625,,,,0.125,,,,,,,,,0.28125,0.34375,,0.15625,0.03125,0.0625,,,,0.0035015850007766858
undirected6.edgelist,undirected,kols,0.2,32,50,31,0.62,True,True,51.56400000000001,70.0,0.0,1.6898057994649265,49.235393142851336,146.06741573033707,348798.431711384,232831.39615800002,0.125,,,,,,,,,0.28125,0.34375,,0.15625,0.03125,0.0625,,,,0.59375,,,,,,,,,0.15625,0.09375,0.0625,0.0625,0.03125,,,,0.0002670760004548356,0.003021173000888666
undirected6.edgelist,undirected,random,0.2,32,50,41,0.82,True,False,51.56400000000001,inf,0.12298387096774194,1.3587415271344512,1.3750550840401174,13.969194312796208,348798.431711384,293442.65458086104,0.125,,,,,,,,,0.28125,0.34375,,0.15625,0.03125,0.0625,,,0.0625,0.15625,,,,,,,,,0.40625,0.15625,0.0625,0.09375,0.03125,0.03125,,,9.759499880601652e-05,0.0029749460009043105
undirected6.edgelist,undirected,k_neighbor,0.2,32,50,27,0.54,True,False,51.56400000000001,inf,0.8145161290322581,3.258051892961145,306.7008024514425,170.1797752808989,348798.431711384,266163.2160370621,0.125,,,,,,,,,0.28125,0.34375,,0.15625,0.03125,0.0625,,,,0.4375,,,,,,,,,0.46875,0.0625,0.03125,,,,,,0.00026927100043394603,0.0020328780010459013
undirected6.edgelist,undirected,local_degree,0.2,32,50,30,0.6,True,False,51.56400000000001,inf,0.31451612903225806,1.9623433755679627,16.098535996020935,71.66363636363636,348798.431711384,268299.2042651041,0.125,,,,,,,,,0.28125,0.34375,,0.15625,0.03125,0.0625,,,,0.65625,,,,,,,,,0.125,0.0625,0.09375,,0.03125,0.03125,,,0.0002691310000955127,0.002598822000436485
undirected6.edgelist,undirected,mst,0.2,32,50,31,0.62,True,True,51.56400000000001,84.20400000000001,0.0,1.2852772688056897,0.2405589747222287,5.470418470418472,348798.431711384,210839.239554536,0.125,,,,,,,,,0.28125,0.34375,,0.15625,0.03125,0.0625,,,,0.5625,,,,,,,,,0.1875,0.0625,0.125,0.0625,,,,,0.0001819950011849869,0.0030259209997893777
undirected6.edgelist,undirected,t_spanner,0.2,32,50,38,0.76,True,True,51.56400000000001,54.259,0.0,1.050172675630724,0.021377949020937457,1.9935558493060148,348798.431711384,260939.93472625403,0.125,,,,,,,,,0.28125,0.34375,,0.15625,0.03125,0.0625,,,,0.375,,,,,,,,,0.1875,0.25,0.0625,0.125,,,,,0.000728963001165539,0.0031051329970068764
undirected7.edgelist,undirected,original,0.2,77,296,,1.0,True,True,27.287,27.287,0.0,1.0,0.0,1.0,4728362.673782328,4728362.673782328,,0.05194805194805195,0.07792207792207792,0.03896103896103896,,0.012987012987012988,,,,0.025974025974025976,0.025974025974025976,0.012987012987012988,0.15584415584415584,0.03896103896103896,0.18181818181818182,0.19480519480519481,0.18181818181818182,,,0.05194805194805195,0.07792207792207792,0.03896103896103896,,0.012987012987012988,,,,0.025974025974025976,0.025974025974025976,0.012987012987012988,0.15584415584415584,0.03896103896103896,0.18181818181818182,0.19480519480519481,0.18181818181818182,,0.033021431998349726
undirected7.edgelist,undirected,kols,0.2,77,296,76,0.25675675675675674,True,True,27.287,55.0,0.0,2.307132680009169,105.26556748286959,347.82608695652175,4728362.673782328,576698.491043,,0.05194805194805195,0.07792207792207792,0.03896103896103896,,0.012987012987012988,,,,0.025974025974025976,0.025974025974025976,0.012987012987012988,0.15584415584415584,0.03896103896103896,0.18181818181818182,0.19480519480519481,0.18181818181818182,,0.6753246753246753,0.012987012987012988,,,,,,,,0.1038961038961039,0.05194805194805195,0.06493506493506493,0.03896103896103896,0.012987012987012988,0.03896103896103896,,,0.0007348740000452381,0.02552454599936027
undirected7.edgelist,undirected,random,0.2,77,296,234,0.7905405405405406,True,True,27.287,43.324000000000005,0.0,1.2677085186866515,1.611939058452047,42.815909090909095,4728362.673782328,3691218.9875268457,,0.05194805194805195,0.07792207792207792,0.03896103896103896,,0.012987012987012988,,,,0.025974025974025976,0.025974025974025976,0.012987012987012988,0.15584415584415584,0.03896103896103896,0.18181818181818182,0.19480519480519481,0.18181818181818182,,0.012987012987012988,0.05194805194805195,0.025974025974025976,0.012987012987012988,,,,,,0.025974025974025976,0.1038961038961039,0.1038961038961039,0.18181818181818182,0.14285714285714285,0.19480519480519481,0.09090909090909091,0.05194805194805195,0.000407833002100233,0.03174507099902257
undirected7.edgelist,undirected,k_neighbor,0.2,77,296,73,0.24662162162162163,True,False,27.287,inf,0.7915242652084757,4.987432134640378,27.6908185274695,76.05940594059406,4728362.673782328,1049332.1074487003,,0.05194805194805195,0.07792207792207792,0.03896103896103896,,0.012987012987012988,,,,0.025974025974025976,0.025974025974025976,0.012987012987012988,0.15584415584415584,0.03896103896103896,0.18181818181818182,0.19480519480519481,0.18181818181818182,,0.4025974025974026,,,,,,,,,0.38961038961038963,0.12987012987012986,0.06493506493506493,0.012987012987012988,,,,,0.0007026339990261476,0.018432928998663556
undirected7.edgelist,undirected,local_degree,0.2,77,296,76,0.25675675675675674,True,True,27.287,105.175,0.0,4.636059803753397,137.14331084365847,338.0900900900901,4728362.673782328,2356483.08842631,,0.05194805194805195,0.07792207792207792,0.03896103896103896,,0.012987012987012988,,,,0.025974025974025976,0.025974025974025976,0.012987012987012988,0.15584415584415584,0.03896103896103896,0.18181818181818182,0.19480519480519481,0.18181818181818182,,0.7532467532467533,0.012987012987012988,,,,0.012987012987012988,,,,0.09090909090909091,0.025974025974025976,0.012987012987012988,0.03896103896103896,0.012987012987012988,,0.025974025974025976,0.012987012987012988,0.0007996070016815793,0.02556559400181868
undirected7.edgelist,undirected,mst,0.2,77,296,76,0.25675675675675674,True,True,27.287,68.019,0.0,1.7573856973392963,0.764704972616475,7.897749196141481,4728362.673782328,346028.96015670476,,0.05194805194805195,0.07792207792207792,0.03896103896103896,,0.012987012987012988,,,,0.025974025974025976,0.025974025974025976,0.012987012987012988,0.15584415584415584,0.03896103896103896,0.18181818181818182,0.19480519480519481,0.18181818181818182,,0.38961038961038963,,,,,,,,,0.35064935064935066,0.15584415584415584,0.1038961038961039,,,,,,0.0006704530023853295,0.025043141999049112
undirected7.edgelist,undirected,t_spanner,0.2,77,296,109,0.36824324324324326,True,True,27.287,32.287000000000006,0.0,1.0715923701305357,0.018637949458992498,1.9952279957582186,4728362.673782328,702499.6511932999,,0.05194805194805195,0.07792207792207792,0.03896103896103896,,0.012987012987012988,,,,0.025974025974025976,0.025974025974025976,0.012987012987012988,0.15584415584415584,0.03896103896103896,0.18181818181818182,0.19480519480519481,0.18181818181818182,,0.12987012987012986,,,,,,,,,0.2987012987012987,0.2857142857142857,0.2077922077922078,0.05194805194805195,0.025974025974025976,,,,0.010811686999659287,0.02683134700055234
undirected8.edgelist,undirected,original,0.2,62,213,,1.0,True,True,36.283,36.283,0.0,1.0,0.0,1.0,2581797.9143177005,2581797.9143177005,,0.11290322580645161,0.04838709677419355,0.03225806451612903,,,,,,,0.08064516129032258,0.08064516129032258,0.1774193548387097,0.16129032258064516,0.12903225806451613,0.0967741935483871,0.08064516129032258,,,0.11290322580645161,0.04838709677419355,0.03225806451612903,,,,,,,0.08064516129032258,0.08064516129032258,0.1774193548387097,0.16129032258064516,0.12903225806451613,0.0967741935483871,0.08064516129032258,,0.020022556000185432
undirected8.edgelist,undirected,kols,0.2,62,213,61,0.2863849765258216,True,True,36.283,45.0,0.0,1.6953934989892765,7.7679942693422355,69.5187165775401,2581797.9143177005,683906.3426229999,,0.11290322580645161,0.04838709677419355,0.03225806451612903,,,,,,,0.08064516129032258,0.08064516129032258,0.1774193548387097,0.16129032258064516,0.12903225806451613,0.0967741935483871,0.08064516129032258,,0.6935483870967742,,0.016129032258064516,,,,,,,0.08064516129032258,0.06451612903225806,0.06451612903225806,0.03225806451612903,0.03225806451612903,,0.016129032258064516,,0.0006680779988528229,0.015172310999332694
undirected8.edgelist,undirected,random,0.2,62,213,170,0.7981220657276995,True,True,36.283,39.866,0.0,1.384279039925587,1.0867568343089442,28.350267379679146,2581797.9143177005,2142774.627633413,,0.11290322580645161,0.04838709677419355,0.03225806451612903,,,,,,,0.08064516129032258,0.08064516129032258,0.1774193548387097,0.16129032258064516,0.12903225806451613,0.0967741935483871,0.08064516129032258,,,0.016129032258064516,0.016129032258064516,,,,,,,0.04838709677419355,0.14516129032258066,0.1774193548387097,0.1774193548387097,0.12903225806451613,0.14516129032258066,0.08064516129032258,0.06451612903225806,0.00029449900102918036,0.01911991200176999
undirected8.edgelist,undirected,k_neighbor,0.2,62,213,56,0.26291079812206575,True,False,36.283,inf,0.7948175568482284,5.58183658949971,50.94918038906849,77.29988974641677,2581797.9143177005,873345.5035433872,,0.11290322580645161,0.04838709677419355,0.03225806451612903,,,,,,,0.08064516129032258,0.08064516129032258,0.1774193548387097,0.16129032258064516,0.12903225806451613,0.0967741935483871,0.08064516129032258,,0.43548387096774194,,,,,,,,,0.4032258064516129,0.11290322580645161,0.03225806451612903,,0.016129032258064516,,,,0.0006189240011735819,0.011087189999670954
undirected8.edgelist,undirected,local_degree,0.2,62,213,60,0.28169014084507044,True,False,36.283,inf,0.506081438392385,3.093031532079139,8.707671346836188,40.782701929949965,2581797.9143177005,1326737.322162314,,0.11290322580645161,0.04838709677419355,0.03225806451612903,,,,,,,0.08064516129032258,0.08064516129032258,0.1774193548387097,0.16129032258064516,0.12903225806451613,0.0967741935483871,0.08064516129032258,,0.7580645161290323,,,0.016129032258064516,,,,,,0.06451612903225806,0.04838709677419355,0.03225806451612903,0.016129032258064516,0.016129032258064516,,0.03225806451612903,0.016129032258064516,0.0006748810010321904,0.012675123998633353
undirected8.edgelist,undirected,mst,0.2,62,213,61,0.2863849765258216,True,True,36.283,55.622,0.0,1.6572137064645736,0.6877338528008007,7.329082213618766,2581797.9143177005,218837.220406742,,0.11290322580645161,0.04838709677419355,0.03225806451612903,,,,,,,0.08064516129032258,0.08064516129032258,0.1774193548387097,0.16129032258064516,0.12903225806451613,0.0967741935483871,0.08064516129032258,,0.4032258064516129,,,,,,,,,0.3387096774193548,0.1774193548387097,0.04838709677419355,0.03225806451612903,,,,,0.0005003589976695366,0.015440339000633685
undirected8.edgelist,undirected,t_spanner,0.2,62,213,87,0.4084507042253521,True,True,36.283,36.283,0.0,1.0501263382444128,0.01386661930674388,1.9724351655521122,2581797.9143177005,438624.5554298201,,0.11290322580645161,0.04838709677419355,0.03225806451612903,,,,,,,0.08064516129032258,0.08064516129032258,0.1774193548387097,0.16129032258064516,0.12903225806451613,0.0967741935483871,0.08064516129032258,,0.14516129032258066,,,,,,,,,0.3548387096774194,0.20967741935483872,0.1774193548387097,0.08064516129032258,0.016129032258064516,0.016129032258064516,,,0.007032194000203162,0.015778871998918476
undirected9.edgelist,undirected,original,0.2,61,195,,1.0,True,True,38.678000000000004,38.678000000000004,0.0,1.0,0.0,1.0,2751632.0964970253,2751632.0964970253,,0.04918032786885246,0.03278688524590164,0.03278688524590164,,,,,,0.06557377049180328,0.06557377049180328,0.13114754098360656,0.14754098360655737,0.09836065573770492,0.14754098360655737,0.13114754098360656,0.09836065573770492,,,0.04918032786885246,0.03278688524590164,0.03278688524590164,,,,,,0.06557377049180328,0.06557377049180328,0.13114754098360656,0.14754098360655737,0.09836065573770492,0.14754098360655737,0.13114754098360656,0.09836065573770492,,0.018227528998977505
undirected9.edgelist,undirected,kols,0.2,61,195,60,0.3076923076923077,True,True,38.678000000000004,48.0,0.0,2.5386932598686776,28.240940490144155,144.65408805031447,2751632.0964970253,640810.9217699999,,0.04918032786885246,0.03278688524590164,0.03278688524590164,,,,,,0.06557377049180328,0.06557377049180328,0.13114754098360656,0.14754098360655737,0.09836065573770492,0.14754098360655737,0.13114754098360656,0.09836065573770492,,0.6229508196721312,,,,,,,,,0.18032786885245902,0.04918032786885246,0.04918032786885246,0.04918032786885246,,,0.04918032786885246,,0.0005605939986708108,0.013999996001075488
undirected9.edgelist,undirected,random,0.2,61,195,156,0.8,True,True,38.678000000000004,43.516,0.0,1.5652169543697136,3.5535396057636692,58.25157232704403,2751632.0964970253,2185971.9293732867,,0.04918032786885246,0.03278688524590164,0.03278688524590164,,,,,,0.06557377049180328,0.06557377049180328,0.13114754098360656,0.14754098360655737,0.09836065573770492,0.14754098360655737,0.13114754098360656,0.09836065573770492,,0.01639344262295082,0.03278688524590164,,,,,,,,0.14754098360655737,0.11475409836065574,0.18032786885245902,0.11475409836065574,0.11475409836065574,0.14754098360655737,0.06557377049180328,0.06557377049180328,0.00027872899954672903,0.016966797000350198
undirected9.edgelist,undirected,k_neighbor,0.2,61,195,57,0.2923076923076923,True,False,38.678000000000004,inf,0.7300546448087432,6.053227363487612,42.12249500863886,63.19961240310078,2751632.0964970253,1228576.903782941,,0.04918032786885246,0.03278688524590164,0.03278688524590164,,,,,,0.06557377049180328,0.06557377049180328,0.13114754098360656,0.14754098360655737,0.09836065573770492,0.14754098360655737,0.13114754098360656,0.09836065573770492,,0.4426229508196721,,,,,,,,,0.3442622950819672,0.14754098360655737,0.03278688524590164,0.03278688524590164,,,,,0.0005332120017556008,0.010805444999277825
undirected9.edgelist,undirected,local_degree,0.2,61,195,59,0.30256410256410254,True,False,38.678000000000004,inf,0.42295081967213116,2.797816040680131,9.216015280964553,36.503542510121456,2751632.0964970253,954210.9940527469,,0.04918032786885246,0.03278688524590164,0.03278688524590164,,,,,,0.06557377049180328,0.06557377049180328,0.13114754098360656,0.14754098360655737,0.09836065573770492,0.14754098360655737,0.13114754098360656,0.09836065573770492,,0.7049180327868853,,,0.01639344262295082,,,,,,0.11475409836065574,0.04918032786885246,0.06557377049180328,,,0.01639344262295082,0.01639344262295082,0.01639344262295082,0.0005892890003451612,0.012039225999615155
undirected9.edgelist,undirected,mst,0.2,61,195,60,0.3076923076923077,True,True,38.678000000000004,66.84,0.0,1.5010575181309136,0.31367622926078464,5.441568426447976,2751632.0964970253,364071.413177313,,0.04918032786885246,0.03278688524590164,0.03278688524590164,,,,,,0.06557377049180328,0.06557377049180328,0.13114754098360656,0.14754098360655737,0.09836065573770492,0.14754098360655737,0.13114754098360656,0.09836065573770492,,0.4426229508196721,,,,,,,,,0.2786885245901639,0.16393442622950818,0.09836065573770492,0.01639344262295082,,,,,0.0004417589989316184,0.014112310000200523
undirected9.edgelist,undirected,t_spanner,0.2,61,195,78,0.4,True,True,38.678000000000004,40.161,0.0,1.0751868839797112,0.0185639757253343,1.97088702529488,2751632.0964970253,579771.624705555,,0.04918032786885246,0.03278688524590164,0.03278688524590164,,,,,,0.06557377049180328,0.06557377049180328,0.13114754098360656,0.14754098360655737,0.09836065573770492,0.14754098360655737,0.13114754098360656,0.09836065573770492,,0.22950819672131148,,,,,,,,,0.26229508196721313,0.26229508196721313,0.21311475409836064,0.03278688524590164,,,,,0.005298053001752123,0.014591128998290515
